config_id,F,n_amrs,n_elevators,demand,model,size,policy,candidate_id,cand_seed,makespan
1,3,5,2,uniform,batched,8,P0_random,218,20372917,123.0
1,3,5,2,uniform,batched,8,P0_random,18,20372917,108.0
1,3,5,2,uniform,batched,8,P0_random,263,20372917,86.0
1,3,5,2,uniform,batched,8,P0_random,116,20372917,76.0
1,3,5,2,uniform,batched,8,P0_random,196,20372917,99.0
1,3,5,2,uniform,batched,8,P0_random,92,20372917,99.0
1,3,5,2,uniform,batched,8,P0_random,225,20372917,128.0
1,3,5,2,uniform,batched,8,P0_random,157,20372917,108.0
1,3,5,2,uniform,batched,8,P0_random,211,20372917,110.0
1,3,5,2,uniform,batched,8,P0_random,187,20372917,100.0
1,3,5,2,uniform,batched,8,P0_random,277,20372917,100.0
1,3,5,2,uniform,batched,8,P0_random,266,20372917,123.0
1,3,5,2,uniform,batched,8,P0_random,265,20372917,123.0
1,3,5,2,uniform,batched,8,P0_random,49,20372917,137.0
1,3,5,2,uniform,batched,8,P0_random,116,20372917,76.0
1,3,5,2,uniform,batched,8,P0_random,23,20372917,148.0
1,3,5,2,uniform,batched,8,P0_random,62,20372917,119.0
1,3,5,2,uniform,batched,8,P0_random,253,20372917,113.0
1,3,5,2,uniform,batched,8,P0_random,34,20372917,114.0
1,3,5,2,uniform,batched,8,P0_random,118,20372917,100.0
1,3,5,2,uniform,batched,8,P1_dest_cluster,7,20372917,128.0
1,3,5,2,uniform,batched,8,P1_dest_cluster,262,20372917,113.0
1,3,5,2,uniform,batched,8,P1_dest_cluster,181,20372917,99.0
1,3,5,2,uniform,batched,8,P1_dest_cluster,287,20372917,110.0
1,3,5,2,uniform,batched,8,P1_dest_cluster,113,20372917,96.0
1,3,5,2,uniform,batched,8,P1_dest_cluster,207,20372917,100.0
1,3,5,2,uniform,batched,8,P1_dest_cluster,154,20372917,129.0
1,3,5,2,uniform,batched,8,P1_dest_cluster,222,20372917,90.0
1,3,5,2,uniform,batched,8,P1_dest_cluster,198,20372917,127.0
1,3,5,2,uniform,batched,8,P1_dest_cluster,47,20372917,81.0
1,3,5,2,uniform,batched,8,P1_dest_cluster,41,20372917,80.0
1,3,5,2,uniform,batched,8,P1_dest_cluster,84,20372917,119.0
1,3,5,2,uniform,batched,8,P1_dest_cluster,159,20372917,100.0
1,3,5,2,uniform,batched,8,P1_dest_cluster,187,20372917,100.0
1,3,5,2,uniform,batched,8,P1_dest_cluster,159,20372917,100.0
1,3,5,2,uniform,batched,8,P1_dest_cluster,260,20372917,118.0
1,3,5,2,uniform,batched,8,P1_dest_cluster,99,20372917,95.0
1,3,5,2,uniform,batched,8,P1_dest_cluster,95,20372917,94.0
1,3,5,2,uniform,batched,8,P1_dest_cluster,152,20372917,61.0
1,3,5,2,uniform,batched,8,P1_dest_cluster,254,20372917,123.0
1,3,5,2,uniform,batched,8,P2_cardinality,233,20372917,71.0
1,3,5,2,uniform,batched,8,P2_cardinality,117,20372917,119.0
1,3,5,2,uniform,batched,8,P2_cardinality,283,20372917,95.0
1,3,5,2,uniform,batched,8,P2_cardinality,187,20372917,100.0
1,3,5,2,uniform,batched,8,P2_cardinality,74,20372917,76.0
1,3,5,2,uniform,batched,8,P2_cardinality,20,20372917,109.0
1,3,5,2,uniform,batched,8,P2_cardinality,221,20372917,90.0
1,3,5,2,uniform,batched,8,P2_cardinality,194,20372917,104.0
1,3,5,2,uniform,batched,8,P2_cardinality,4,20372917,81.0
1,3,5,2,uniform,batched,8,P2_cardinality,292,20372917,85.0
1,3,5,2,uniform,batched,8,P2_cardinality,229,20372917,104.0
1,3,5,2,uniform,batched,8,P2_cardinality,283,20372917,95.0
1,3,5,2,uniform,batched,8,P2_cardinality,26,20372917,85.0
1,3,5,2,uniform,batched,8,P2_cardinality,77,20372917,119.0
1,3,5,2,uniform,batched,8,P2_cardinality,204,20372917,113.0
1,3,5,2,uniform,batched,8,P2_cardinality,244,20372917,104.0
1,3,5,2,uniform,batched,8,P2_cardinality,254,20372917,123.0
1,3,5,2,uniform,batched,8,P2_cardinality,74,20372917,76.0
1,3,5,2,uniform,batched,8,P2_cardinality,255,20372917,115.0
1,3,5,2,uniform,batched,8,P2_cardinality,180,20372917,114.0
1,3,5,2,uniform,batched,8,P3_dir_balanced,18,20372917,108.0
1,3,5,2,uniform,batched,8,P3_dir_balanced,293,20372917,71.0
1,3,5,2,uniform,batched,8,P3_dir_balanced,232,20372917,94.0
1,3,5,2,uniform,batched,8,P3_dir_balanced,25,20372917,99.0
1,3,5,2,uniform,batched,8,P3_dir_balanced,227,20372917,114.0
1,3,5,2,uniform,batched,8,P3_dir_balanced,143,20372917,104.0
1,3,5,2,uniform,batched,8,P3_dir_balanced,124,20372917,95.0
1,3,5,2,uniform,batched,8,P3_dir_balanced,44,20372917,153.0
1,3,5,2,uniform,batched,8,P3_dir_balanced,106,20372917,128.0
1,3,5,2,uniform,batched,8,P3_dir_balanced,124,20372917,95.0
1,3,5,2,uniform,batched,8,P3_dir_balanced,159,20372917,100.0
1,3,5,2,uniform,batched,8,P3_dir_balanced,56,20372917,118.0
1,3,5,2,uniform,batched,8,P3_dir_balanced,113,20372917,96.0
1,3,5,2,uniform,batched,8,P3_dir_balanced,264,20372917,113.0
1,3,5,2,uniform,batched,8,P3_dir_balanced,200,20372917,90.0
1,3,5,2,uniform,batched,8,P3_dir_balanced,200,20372917,90.0
1,3,5,2,uniform,batched,8,P3_dir_balanced,124,20372917,95.0
1,3,5,2,uniform,batched,8,P3_dir_balanced,140,20372917,147.0
1,3,5,2,uniform,batched,8,P3_dir_balanced,175,20372917,124.0
1,3,5,2,uniform,batched,8,P3_dir_balanced,197,20372917,109.0
1,3,5,2,uniform,batched,8,P4_temporal,156,20372917,109.0
1,3,5,2,uniform,batched,8,P4_temporal,286,20372917,100.0
1,3,5,2,uniform,batched,8,P4_temporal,269,20372917,105.0
1,3,5,2,uniform,batched,8,P4_temporal,171,20372917,147.0
1,3,5,2,uniform,batched,8,P4_temporal,16,20372917,123.0
1,3,5,2,uniform,batched,8,P4_temporal,193,20372917,105.0
1,3,5,2,uniform,batched,8,P4_temporal,34,20372917,114.0
1,3,5,2,uniform,batched,8,P4_temporal,296,20372917,85.0
1,3,5,2,uniform,batched,8,P4_temporal,115,20372917,66.0
1,3,5,2,uniform,batched,8,P4_temporal,220,20372917,123.0
1,3,5,2,uniform,batched,8,P4_temporal,239,20372917,62.0
1,3,5,2,uniform,batched,8,P4_temporal,67,20372917,108.0
1,3,5,2,uniform,batched,8,P4_temporal,204,20372917,113.0
1,3,5,2,uniform,batched,8,P4_temporal,31,20372917,90.0
1,3,5,2,uniform,batched,8,P4_temporal,240,20372917,118.0
1,3,5,2,uniform,batched,8,P4_temporal,23,20372917,148.0
1,3,5,2,uniform,batched,8,P4_temporal,61,20372917,72.0
1,3,5,2,uniform,batched,8,P4_temporal,140,20372917,147.0
1,3,5,2,uniform,batched,8,P4_temporal,292,20372917,85.0
1,3,5,2,uniform,batched,8,P4_temporal,95,20372917,94.0
1,3,5,2,uniform,batched,8,P5_phi,41,20372917,80.0
1,3,5,2,uniform,batched,8,P5_phi,288,20372917,81.0
1,3,5,2,uniform,batched,8,P5_phi,272,20372917,104.0
1,3,5,2,uniform,batched,8,P5_phi,272,20372917,104.0
1,3,5,2,uniform,batched,8,P5_phi,148,20372917,100.0
1,3,5,2,uniform,batched,8,P5_phi,3,20372917,94.0
1,3,5,2,uniform,batched,8,P5_phi,169,20372917,99.0
1,3,5,2,uniform,batched,8,P5_phi,169,20372917,99.0
1,3,5,2,uniform,batched,8,P5_phi,233,20372917,71.0
1,3,5,2,uniform,batched,8,P5_phi,105,20372917,76.0
1,3,5,2,uniform,batched,8,P5_phi,149,20372917,52.0
1,3,5,2,uniform,batched,8,P5_phi,152,20372917,61.0
1,3,5,2,uniform,batched,8,P5_phi,105,20372917,76.0
1,3,5,2,uniform,batched,8,P5_phi,50,20372917,89.0
1,3,5,2,uniform,batched,8,P5_phi,169,20372917,99.0
1,3,5,2,uniform,batched,8,P5_phi,152,20372917,61.0
1,3,5,2,uniform,batched,8,P5_phi,272,20372917,104.0
1,3,5,2,uniform,batched,8,P5_phi,213,20372917,76.0
1,3,5,2,uniform,batched,8,P5_phi,152,20372917,61.0
1,3,5,2,uniform,batched,8,P5_phi,288,20372917,81.0
1,3,5,2,uniform,batched,8,P6_spo_tree,267,20372917,66.0
1,3,5,2,uniform,batched,8,P6_spo_tree,274,20372917,67.0
1,3,5,2,uniform,batched,8,P6_spo_tree,3,20372917,94.0
1,3,5,2,uniform,batched,8,P6_spo_tree,225,20372917,128.0
1,3,5,2,uniform,batched,8,P6_spo_tree,251,20372917,90.0
1,3,5,2,uniform,batched,8,P6_spo_tree,169,20372917,99.0
1,3,5,2,uniform,batched,8,P6_spo_tree,202,20372917,70.0
1,3,5,2,uniform,batched,8,P6_spo_tree,244,20372917,104.0
1,3,5,2,uniform,batched,8,P6_spo_tree,149,20372917,52.0
1,3,5,2,uniform,batched,8,P6_spo_tree,293,20372917,71.0
1,3,5,2,uniform,batched,8,P6_spo_tree,121,20372917,118.0
1,3,5,2,uniform,batched,8,P6_spo_tree,257,20372917,76.0
1,3,5,2,uniform,batched,8,P6_spo_tree,69,20372917,119.0
1,3,5,2,uniform,batched,8,P6_spo_tree,66,20372917,123.0
1,3,5,2,uniform,batched,8,P6_spo_tree,56,20372917,118.0
1,3,5,2,uniform,batched,8,P6_spo_tree,299,20372917,90.0
1,3,5,2,uniform,batched,8,P6_spo_tree,191,20372917,104.0
1,3,5,2,uniform,batched,8,P6_spo_tree,189,20372917,105.0
1,3,5,2,uniform,batched,8,P6_spo_tree,213,20372917,76.0
1,3,5,2,uniform,batched,8,P6_spo_tree,175,20372917,124.0
3,3,15,2,clustered,batched,8,P0_random,277,20572923,81.0
3,3,15,2,clustered,batched,8,P0_random,200,20572923,143.0
3,3,15,2,clustered,batched,8,P0_random,275,20572923,152.0
3,3,15,2,clustered,batched,8,P0_random,253,20572923,114.0
3,3,15,2,clustered,batched,8,P0_random,271,20572923,90.0
3,3,15,2,clustered,batched,8,P0_random,33,20572923,109.0
3,3,15,2,clustered,batched,8,P0_random,295,20572923,110.0
3,3,15,2,clustered,batched,8,P0_random,206,20572923,66.0
3,3,15,2,clustered,batched,8,P0_random,186,20572923,70.0
3,3,15,2,clustered,batched,8,P0_random,266,20572923,95.0
3,3,15,2,clustered,batched,8,P0_random,1,20572923,133.0
3,3,15,2,clustered,batched,8,P0_random,13,20572923,100.0
3,3,15,2,clustered,batched,8,P0_random,178,20572923,81.0
3,3,15,2,clustered,batched,8,P0_random,170,20572923,90.0
3,3,15,2,clustered,batched,8,P0_random,255,20572923,138.0
3,3,15,2,clustered,batched,8,P0_random,133,20572923,124.0
3,3,15,2,clustered,batched,8,P0_random,156,20572923,114.0
3,3,15,2,clustered,batched,8,P0_random,142,20572923,133.0
3,3,15,2,clustered,batched,8,P0_random,109,20572923,128.0
3,3,15,2,clustered,batched,8,P0_random,269,20572923,157.0
3,3,15,2,clustered,batched,8,P1_dest_cluster,224,20572923,114.0
3,3,15,2,clustered,batched,8,P1_dest_cluster,54,20572923,133.0
3,3,15,2,clustered,batched,8,P1_dest_cluster,8,20572923,66.0
3,3,15,2,clustered,batched,8,P1_dest_cluster,112,20572923,114.0
3,3,15,2,clustered,batched,8,P1_dest_cluster,10,20572923,95.0
3,3,15,2,clustered,batched,8,P1_dest_cluster,182,20572923,90.0
3,3,15,2,clustered,batched,8,P1_dest_cluster,236,20572923,114.0
3,3,15,2,clustered,batched,8,P1_dest_cluster,229,20572923,95.0
3,3,15,2,clustered,batched,8,P1_dest_cluster,7,20572923,157.0
3,3,15,2,clustered,batched,8,P1_dest_cluster,75,20572923,90.0
3,3,15,2,clustered,batched,8,P1_dest_cluster,94,20572923,100.0
3,3,15,2,clustered,batched,8,P1_dest_cluster,100,20572923,114.0
3,3,15,2,clustered,batched,8,P1_dest_cluster,7,20572923,157.0
3,3,15,2,clustered,batched,8,P1_dest_cluster,150,20572923,90.0
3,3,15,2,clustered,batched,8,P1_dest_cluster,243,20572923,76.0
3,3,15,2,clustered,batched,8,P1_dest_cluster,292,20572923,95.0
3,3,15,2,clustered,batched,8,P1_dest_cluster,150,20572923,90.0
3,3,15,2,clustered,batched,8,P1_dest_cluster,228,20572923,114.0
3,3,15,2,clustered,batched,8,P1_dest_cluster,7,20572923,157.0
3,3,15,2,clustered,batched,8,P1_dest_cluster,228,20572923,114.0
3,3,15,2,clustered,batched,8,P2_cardinality,154,20572923,100.0
3,3,15,2,clustered,batched,8,P2_cardinality,39,20572923,76.0
3,3,15,2,clustered,batched,8,P2_cardinality,157,20572923,81.0
3,3,15,2,clustered,batched,8,P2_cardinality,284,20572923,124.0
3,3,15,2,clustered,batched,8,P2_cardinality,215,20572923,95.0
3,3,15,2,clustered,batched,8,P2_cardinality,104,20572923,110.0
3,3,15,2,clustered,batched,8,P2_cardinality,102,20572923,62.0
3,3,15,2,clustered,batched,8,P2_cardinality,87,20572923,76.0
3,3,15,2,clustered,batched,8,P2_cardinality,292,20572923,95.0
3,3,15,2,clustered,batched,8,P2_cardinality,40,20572923,119.0
3,3,15,2,clustered,batched,8,P2_cardinality,28,20572923,81.0
3,3,15,2,clustered,batched,8,P2_cardinality,72,20572923,76.0
3,3,15,2,clustered,batched,8,P2_cardinality,72,20572923,76.0
3,3,15,2,clustered,batched,8,P2_cardinality,71,20572923,133.0
3,3,15,2,clustered,batched,8,P2_cardinality,102,20572923,62.0
3,3,15,2,clustered,batched,8,P2_cardinality,23,20572923,119.0
3,3,15,2,clustered,batched,8,P2_cardinality,187,20572923,114.0
3,3,15,2,clustered,batched,8,P2_cardinality,275,20572923,152.0
3,3,15,2,clustered,batched,8,P2_cardinality,139,20572923,114.0
3,3,15,2,clustered,batched,8,P2_cardinality,87,20572923,76.0
3,3,15,2,clustered,batched,8,P3_dir_balanced,119,20572923,95.0
3,3,15,2,clustered,batched,8,P3_dir_balanced,239,20572923,152.0
3,3,15,2,clustered,batched,8,P3_dir_balanced,238,20572923,133.0
3,3,15,2,clustered,batched,8,P3_dir_balanced,224,20572923,114.0
3,3,15,2,clustered,batched,8,P3_dir_balanced,13,20572923,100.0
3,3,15,2,clustered,batched,8,P3_dir_balanced,238,20572923,133.0
3,3,15,2,clustered,batched,8,P3_dir_balanced,30,20572923,152.0
3,3,15,2,clustered,batched,8,P3_dir_balanced,73,20572923,95.0
3,3,15,2,clustered,batched,8,P3_dir_balanced,157,20572923,81.0
3,3,15,2,clustered,batched,8,P3_dir_balanced,229,20572923,95.0
3,3,15,2,clustered,batched,8,P3_dir_balanced,147,20572923,100.0
3,3,15,2,clustered,batched,8,P3_dir_balanced,285,20572923,138.0
3,3,15,2,clustered,batched,8,P3_dir_balanced,232,20572923,86.0
3,3,15,2,clustered,batched,8,P3_dir_balanced,265,20572923,99.0
3,3,15,2,clustered,batched,8,P3_dir_balanced,185,20572923,90.0
3,3,15,2,clustered,batched,8,P3_dir_balanced,114,20572923,124.0
3,3,15,2,clustered,batched,8,P3_dir_balanced,72,20572923,76.0
3,3,15,2,clustered,batched,8,P3_dir_balanced,193,20572923,104.0
3,3,15,2,clustered,batched,8,P3_dir_balanced,160,20572923,105.0
3,3,15,2,clustered,batched,8,P3_dir_balanced,224,20572923,114.0
3,3,15,2,clustered,batched,8,P4_temporal,259,20572923,95.0
3,3,15,2,clustered,batched,8,P4_temporal,3,20572923,152.0
3,3,15,2,clustered,batched,8,P4_temporal,104,20572923,110.0
3,3,15,2,clustered,batched,8,P4_temporal,85,20572923,90.0
3,3,15,2,clustered,batched,8,P4_temporal,237,20572923,124.0
3,3,15,2,clustered,batched,8,P4_temporal,2,20572923,90.0
3,3,15,2,clustered,batched,8,P4_temporal,174,20572923,119.0
3,3,15,2,clustered,batched,8,P4_temporal,61,20572923,99.0
3,3,15,2,clustered,batched,8,P4_temporal,84,20572923,133.0
3,3,15,2,clustered,batched,8,P4_temporal,204,20572923,119.0
3,3,15,2,clustered,batched,8,P4_temporal,225,20572923,57.0
3,3,15,2,clustered,batched,8,P4_temporal,240,20572923,119.0
3,3,15,2,clustered,batched,8,P4_temporal,38,20572923,95.0
3,3,15,2,clustered,batched,8,P4_temporal,137,20572923,105.0
3,3,15,2,clustered,batched,8,P4_temporal,92,20572923,119.0
3,3,15,2,clustered,batched,8,P4_temporal,125,20572923,71.0
3,3,15,2,clustered,batched,8,P4_temporal,231,20572923,138.0
3,3,15,2,clustered,batched,8,P4_temporal,122,20572923,114.0
3,3,15,2,clustered,batched,8,P4_temporal,21,20572923,75.0
3,3,15,2,clustered,batched,8,P4_temporal,76,20572923,81.0
3,3,15,2,clustered,batched,8,P5_phi,102,20572923,62.0
3,3,15,2,clustered,batched,8,P5_phi,45,20572923,57.0
3,3,15,2,clustered,batched,8,P5_phi,19,20572923,123.0
3,3,15,2,clustered,batched,8,P5_phi,180,20572923,71.0
3,3,15,2,clustered,batched,8,P5_phi,102,20572923,62.0
3,3,15,2,clustered,batched,8,P5_phi,123,20572923,81.0
3,3,15,2,clustered,batched,8,P5_phi,165,20572923,76.0
3,3,15,2,clustered,batched,8,P5_phi,165,20572923,76.0
3,3,15,2,clustered,batched,8,P5_phi,95,20572923,76.0
3,3,15,2,clustered,batched,8,P5_phi,95,20572923,76.0
3,3,15,2,clustered,batched,8,P5_phi,76,20572923,81.0
3,3,15,2,clustered,batched,8,P5_phi,186,20572923,70.0
3,3,15,2,clustered,batched,8,P5_phi,270,20572923,109.0
3,3,15,2,clustered,batched,8,P5_phi,123,20572923,81.0
3,3,15,2,clustered,batched,8,P5_phi,183,20572923,104.0
3,3,15,2,clustered,batched,8,P5_phi,183,20572923,104.0
3,3,15,2,clustered,batched,8,P5_phi,19,20572923,123.0
3,3,15,2,clustered,batched,8,P5_phi,39,20572923,76.0
3,3,15,2,clustered,batched,8,P5_phi,123,20572923,81.0
3,3,15,2,clustered,batched,8,P5_phi,21,20572923,75.0
3,3,15,2,clustered,batched,8,P6_spo_tree,131,20572923,104.0
3,3,15,2,clustered,batched,8,P6_spo_tree,187,20572923,114.0
3,3,15,2,clustered,batched,8,P6_spo_tree,68,20572923,128.0
3,3,15,2,clustered,batched,8,P6_spo_tree,289,20572923,100.0
3,3,15,2,clustered,batched,8,P6_spo_tree,150,20572923,90.0
3,3,15,2,clustered,batched,8,P6_spo_tree,206,20572923,66.0
3,3,15,2,clustered,batched,8,P6_spo_tree,91,20572923,76.0
3,3,15,2,clustered,batched,8,P6_spo_tree,260,20572923,119.0
3,3,15,2,clustered,batched,8,P6_spo_tree,164,20572923,143.0
3,3,15,2,clustered,batched,8,P6_spo_tree,170,20572923,90.0
3,3,15,2,clustered,batched,8,P6_spo_tree,2,20572923,90.0
3,3,15,2,clustered,batched,8,P6_spo_tree,151,20572923,104.0
3,3,15,2,clustered,batched,8,P6_spo_tree,83,20572923,128.0
3,3,15,2,clustered,batched,8,P6_spo_tree,34,20572923,128.0
3,3,15,2,clustered,batched,8,P6_spo_tree,232,20572923,86.0
3,3,15,2,clustered,batched,8,P6_spo_tree,88,20572923,81.0
3,3,15,2,clustered,batched,8,P6_spo_tree,48,20572923,100.0
3,3,15,2,clustered,batched,8,P6_spo_tree,207,20572923,114.0
3,3,15,2,clustered,batched,8,P6_spo_tree,88,20572923,81.0
3,3,15,2,clustered,batched,8,P6_spo_tree,147,20572923,100.0
5,3,30,2,diurnal,batched,8,P0_random,196,20772929,111.20268398043754
5,3,30,2,diurnal,batched,8,P0_random,147,20772929,99.00306914412774
5,3,30,2,diurnal,batched,8,P0_random,213,20772929,173.39257005661094
5,3,30,2,diurnal,batched,8,P0_random,21,20772929,135.82217914816854
5,3,30,2,diurnal,batched,8,P0_random,238,20772929,104.70037080154388
5,3,30,2,diurnal,batched,8,P0_random,149,20772929,129.29552104668667
5,3,30,2,diurnal,batched,8,P0_random,276,20772929,99.85209713022223
5,3,30,2,diurnal,batched,8,P0_random,17,20772929,129.01136123429393
5,3,30,2,diurnal,batched,8,P0_random,247,20772929,130.39257005661094
5,3,30,2,diurnal,batched,8,P0_random,86,20772929,116.12830475323233
5,3,30,2,diurnal,batched,8,P0_random,287,20772929,128.81303451542558
5,3,30,2,diurnal,batched,8,P0_random,171,20772929,125.86780228891998
5,3,30,2,diurnal,batched,8,P0_random,190,20772929,128.29552104668667
5,3,30,2,diurnal,batched,8,P0_random,149,20772929,129.29552104668667
5,3,30,2,diurnal,batched,8,P0_random,298,20772929,153.96871697999308
5,3,30,2,diurnal,batched,8,P0_random,224,20772929,157.896604322149
5,3,30,2,diurnal,batched,8,P0_random,178,20772929,131.03194742229124
5,3,30,2,diurnal,batched,8,P0_random,238,20772929,104.70037080154388
5,3,30,2,diurnal,batched,8,P0_random,200,20772929,131.435485575787
5,3,30,2,diurnal,batched,8,P0_random,105,20772929,115.79511088849631
5,3,30,2,diurnal,batched,8,P1_dest_cluster,87,20772929,110.41477986224243
5,3,30,2,diurnal,batched,8,P1_dest_cluster,186,20772929,100.284987348318
5,3,30,2,diurnal,batched,8,P1_dest_cluster,205,20772929,126.61027589977245
5,3,30,2,diurnal,batched,8,P1_dest_cluster,25,20772929,111.73958156947286
5,3,30,2,diurnal,batched,8,P1_dest_cluster,67,20772929,145.62396846810742
5,3,30,2,diurnal,batched,8,P1_dest_cluster,113,20772929,120.97205653707636
5,3,30,2,diurnal,batched,8,P1_dest_cluster,229,20772929,129.04227880501853
5,3,30,2,diurnal,batched,8,P1_dest_cluster,259,20772929,151.803249271308
5,3,30,2,diurnal,batched,8,P1_dest_cluster,240,20772929,113.05541229740116
5,3,30,2,diurnal,batched,8,P1_dest_cluster,239,20772929,83.2155215473903
5,3,30,2,diurnal,batched,8,P1_dest_cluster,213,20772929,173.39257005661094
5,3,30,2,diurnal,batched,8,P1_dest_cluster,236,20772929,113.27576958342678
5,3,30,2,diurnal,batched,8,P1_dest_cluster,18,20772929,116.35407583589408
5,3,30,2,diurnal,batched,8,P1_dest_cluster,234,20772929,94.0384298235286
5,3,30,2,diurnal,batched,8,P1_dest_cluster,185,20772929,120.37472410426827
5,3,30,2,diurnal,batched,8,P1_dest_cluster,279,20772929,136.72932357401197
5,3,30,2,diurnal,batched,8,P1_dest_cluster,280,20772929,85.31871568407757
5,3,30,2,diurnal,batched,8,P1_dest_cluster,233,20772929,87.9844761112993
5,3,30,2,diurnal,batched,8,P1_dest_cluster,120,20772929,123.0700304374395
5,3,30,2,diurnal,batched,8,P1_dest_cluster,55,20772929,117.53928688313266
5,3,30,2,diurnal,batched,8,P2_cardinality,103,20772929,119.41016697116737
5,3,30,2,diurnal,batched,8,P2_cardinality,165,20772929,124.60498630139853
5,3,30,2,diurnal,batched,8,P2_cardinality,288,20772929,100.36507491496731
5,3,30,2,diurnal,batched,8,P2_cardinality,70,20772929,142.99681387930525
5,3,30,2,diurnal,batched,8,P2_cardinality,148,20772929,102.65520851453353
5,3,30,2,diurnal,batched,8,P2_cardinality,171,20772929,125.86780228891998
5,3,30,2,diurnal,batched,8,P2_cardinality,169,20772929,127.89660432214899
5,3,30,2,diurnal,batched,8,P2_cardinality,171,20772929,125.86780228891998
5,3,30,2,diurnal,batched,8,P2_cardinality,72,20772929,125.8846583915372
5,3,30,2,diurnal,batched,8,P2_cardinality,293,20772929,129.96871697999308
5,3,30,2,diurnal,batched,8,P2_cardinality,255,20772929,95.13973302478296
5,3,30,2,diurnal,batched,8,P2_cardinality,44,20772929,134.8295404720929
5,3,30,2,diurnal,batched,8,P2_cardinality,4,20772929,127.7200495389807
5,3,30,2,diurnal,batched,8,P2_cardinality,4,20772929,127.7200495389807
5,3,30,2,diurnal,batched,8,P2_cardinality,98,20772929,130.72380788429714
5,3,30,2,diurnal,batched,8,P2_cardinality,58,20772929,108.78085327806696
5,3,30,2,diurnal,batched,8,P2_cardinality,281,20772929,133.3277810424329
5,3,30,2,diurnal,batched,8,P2_cardinality,187,20772929,105.8846583915372
5,3,30,2,diurnal,batched,8,P2_cardinality,202,20772929,101.90781032371194
5,3,30,2,diurnal,batched,8,P2_cardinality,34,20772929,120.68130902308293
5,3,30,2,diurnal,batched,8,P3_dir_balanced,238,20772929,104.70037080154388
5,3,30,2,diurnal,batched,8,P3_dir_balanced,32,20772929,104.32778104243289
5,3,30,2,diurnal,batched,8,P3_dir_balanced,94,20772929,121.74667467255526
5,3,30,2,diurnal,batched,8,P3_dir_balanced,13,20772929,186.73752820288297
5,3,30,2,diurnal,batched,8,P3_dir_balanced,23,20772929,127.72746620790956
5,3,30,2,diurnal,batched,8,P3_dir_balanced,268,20772929,98.2073230287969
5,3,30,2,diurnal,batched,8,P3_dir_balanced,86,20772929,116.12830475323233
5,3,30,2,diurnal,batched,8,P3_dir_balanced,162,20772929,139.23952173820726
5,3,30,2,diurnal,batched,8,P3_dir_balanced,75,20772929,111.2155215473903
5,3,30,2,diurnal,batched,8,P3_dir_balanced,59,20772929,125.3501773366782
5,3,30,2,diurnal,batched,8,P3_dir_balanced,280,20772929,85.31871568407757
5,3,30,2,diurnal,batched,8,P3_dir_balanced,177,20772929,134.54315908563441
5,3,30,2,diurnal,batched,8,P3_dir_balanced,65,20772929,142.79280149884357
5,3,30,2,diurnal,batched,8,P3_dir_balanced,230,20772929,104.34991150343733
5,3,30,2,diurnal,batched,8,P3_dir_balanced,247,20772929,130.39257005661094
5,3,30,2,diurnal,batched,8,P3_dir_balanced,170,20772929,159.60040654469682
5,3,30,2,diurnal,batched,8,P3_dir_balanced,160,20772929,140.13007196766642
5,3,30,2,diurnal,batched,8,P3_dir_balanced,89,20772929,132.55784952986892
5,3,30,2,diurnal,batched,8,P3_dir_balanced,157,20772929,189.72932357401197
5,3,30,2,diurnal,batched,8,P3_dir_balanced,258,20772929,119.87254166413126
5,3,30,2,diurnal,batched,8,P4_temporal,212,20772929,130.75599661541688
5,3,30,2,diurnal,batched,8,P4_temporal,273,20772929,127.18157353028158
5,3,30,2,diurnal,batched,8,P4_temporal,30,20772929,135.96913810001809
5,3,30,2,diurnal,batched,8,P4_temporal,273,20772929,127.18157353028158
5,3,30,2,diurnal,batched,8,P4_temporal,149,20772929,129.29552104668667
5,3,30,2,diurnal,batched,8,P4_temporal,149,20772929,129.29552104668667
5,3,30,2,diurnal,batched,8,P4_temporal,194,20772929,102.25164927296869
5,3,30,2,diurnal,batched,8,P4_temporal,265,20772929,173.75599661541688
5,3,30,2,diurnal,batched,8,P4_temporal,132,20772929,151.31871568407757
5,3,30,2,diurnal,batched,8,P4_temporal,73,20772929,124.00813580521378
5,3,30,2,diurnal,batched,8,P4_temporal,1,20772929,106.36689767961019
5,3,30,2,diurnal,batched,8,P4_temporal,26,20772929,130.53160126361502
5,3,30,2,diurnal,batched,8,P4_temporal,27,20772929,131.721090140554
5,3,30,2,diurnal,batched,8,P4_temporal,77,20772929,182.64941892916923
5,3,30,2,diurnal,batched,8,P4_temporal,264,20772929,122.57446499457804
5,3,30,2,diurnal,batched,8,P4_temporal,88,20772929,144.87729365551434
5,3,30,2,diurnal,batched,8,P4_temporal,265,20772929,173.75599661541688
5,3,30,2,diurnal,batched,8,P4_temporal,273,20772929,127.18157353028158
5,3,30,2,diurnal,batched,8,P4_temporal,20,20772929,180.29709674108886
5,3,30,2,diurnal,batched,8,P4_temporal,129,20772929,146.06752593979706
5,3,30,2,diurnal,batched,8,P5_phi,56,20772929,144.1409954588285
5,3,30,2,diurnal,batched,8,P5_phi,160,20772929,140.13007196766642
5,3,30,2,diurnal,batched,8,P5_phi,285,20772929,105.284987348318
5,3,30,2,diurnal,batched,8,P5_phi,258,20772929,119.87254166413126
5,3,30,2,diurnal,batched,8,P5_phi,89,20772929,132.55784952986892
5,3,30,2,diurnal,batched,8,P5_phi,104,20772929,144.74427752040265
5,3,30,2,diurnal,batched,8,P5_phi,285,20772929,105.284987348318
5,3,30,2,diurnal,batched,8,P5_phi,89,20772929,132.55784952986892
5,3,30,2,diurnal,batched,8,P5_phi,132,20772929,151.31871568407757
5,3,30,2,diurnal,batched,8,P5_phi,219,20772929,165.79280149884357
5,3,30,2,diurnal,batched,8,P5_phi,177,20772929,134.54315908563441
5,3,30,2,diurnal,batched,8,P5_phi,181,20772929,110.10620326459592
5,3,30,2,diurnal,batched,8,P5_phi,130,20772929,167.09211660349055
5,3,30,2,diurnal,batched,8,P5_phi,32,20772929,104.32778104243289
5,3,30,2,diurnal,batched,8,P5_phi,104,20772929,144.74427752040265
5,3,30,2,diurnal,batched,8,P5_phi,248,20772929,179.55168351946313
5,3,30,2,diurnal,batched,8,P5_phi,285,20772929,105.284987348318
5,3,30,2,diurnal,batched,8,P5_phi,56,20772929,144.1409954588285
5,3,30,2,diurnal,batched,8,P5_phi,160,20772929,140.13007196766642
5,3,30,2,diurnal,batched,8,P5_phi,32,20772929,104.32778104243289
5,3,30,2,diurnal,batched,8,P6_spo_tree,9,20772929,137.1198535755591
5,3,30,2,diurnal,batched,8,P6_spo_tree,114,20772929,122.03194742229124
5,3,30,2,diurnal,batched,8,P6_spo_tree,54,20772929,167.89862651065715
5,3,30,2,diurnal,batched,8,P6_spo_tree,212,20772929,130.75599661541688
5,3,30,2,diurnal,batched,8,P6_spo_tree,119,20772929,127.18612143382776
5,3,30,2,diurnal,batched,8,P6_spo_tree,95,20772929,132.803249271308
5,3,30,2,diurnal,batched,8,P6_spo_tree,189,20772929,129.04227880501853
5,3,30,2,diurnal,batched,8,P6_spo_tree,148,20772929,102.65520851453353
5,3,30,2,diurnal,batched,8,P6_spo_tree,162,20772929,139.23952173820726
5,3,30,2,diurnal,batched,8,P6_spo_tree,85,20772929,143.2095080940685
5,3,30,2,diurnal,batched,8,P6_spo_tree,147,20772929,99.00306914412774
5,3,30,2,diurnal,batched,8,P6_spo_tree,136,20772929,106.52824363395656
5,3,30,2,diurnal,batched,8,P6_spo_tree,16,20772929,113.82587133510509
5,3,30,2,diurnal,batched,8,P6_spo_tree,238,20772929,104.70037080154388
5,3,30,2,diurnal,batched,8,P6_spo_tree,133,20772929,163.09211660349055
5,3,30,2,diurnal,batched,8,P6_spo_tree,177,20772929,134.54315908563441
5,3,30,2,diurnal,batched,8,P6_spo_tree,28,20772929,119.96871697999308
5,3,30,2,diurnal,batched,8,P6_spo_tree,266,20772929,172.20662009349712
5,3,30,2,diurnal,batched,8,P6_spo_tree,126,20772929,107.3437655132119
5,3,30,2,diurnal,batched,8,P6_spo_tree,219,20772929,165.79280149884357
