config_id,F,n_amrs,n_elevators,demand,model,size,arm,favorable_corner,candidate_id,cand_seed,makespan
0,3,5,1,uniform,abstraction,8,random,LC_LI,0,20272877,99.0
0,3,5,1,uniform,abstraction,8,random,LC_LI,112,20272877,127.0
0,3,5,1,uniform,abstraction,8,random,LC_LI,14,20272877,175.0
0,3,5,1,uniform,abstraction,8,random,LC_LI,17,20272877,162.0
0,3,5,1,uniform,abstraction,8,random,LC_LI,174,20272877,142.0
0,3,5,1,uniform,abstraction,8,random,LC_LI,256,20272877,166.0
0,3,5,1,uniform,abstraction,8,random,LC_LI,111,20272877,133.0
0,3,5,1,uniform,abstraction,8,random,LC_LI,17,20272877,162.0
0,3,5,1,uniform,abstraction,8,random,LC_LI,219,20272877,103.0
0,3,5,1,uniform,abstraction,8,random,LC_LI,99,20272877,132.0
0,3,5,1,uniform,abstraction,8,random,LC_LI,208,20272877,147.0
0,3,5,1,uniform,abstraction,8,random,LC_LI,8,20272877,133.0
0,3,5,1,uniform,abstraction,8,random,LC_LI,26,20272877,137.0
0,3,5,1,uniform,abstraction,8,random,LC_LI,10,20272877,85.0
0,3,5,1,uniform,abstraction,8,random,LC_LI,67,20272877,118.0
0,3,5,1,uniform,abstraction,8,random,LC_LI,46,20272877,109.0
0,3,5,1,uniform,abstraction,8,random,LC_LI,10,20272877,85.0
0,3,5,1,uniform,abstraction,8,random,LC_LI,253,20272877,109.0
0,3,5,1,uniform,abstraction,8,random,LC_LI,246,20272877,152.0
0,3,5,1,uniform,abstraction,8,random,LC_LI,163,20272877,108.0
0,3,5,1,uniform,abstraction,8,HC_HI,LC_LI,16,20272877,133.0
0,3,5,1,uniform,abstraction,8,HC_HI,LC_LI,112,20272877,127.0
0,3,5,1,uniform,abstraction,8,HC_HI,LC_LI,292,20272877,132.0
0,3,5,1,uniform,abstraction,8,HC_HI,LC_LI,296,20272877,123.0
0,3,5,1,uniform,abstraction,8,HC_HI,LC_LI,218,20272877,128.0
0,3,5,1,uniform,abstraction,8,HC_HI,LC_LI,87,20272877,114.0
0,3,5,1,uniform,abstraction,8,HC_HI,LC_LI,81,20272877,119.0
0,3,5,1,uniform,abstraction,8,HC_HI,LC_LI,87,20272877,114.0
0,3,5,1,uniform,abstraction,8,HC_HI,LC_LI,37,20272877,141.0
0,3,5,1,uniform,abstraction,8,HC_HI,LC_LI,139,20272877,108.0
0,3,5,1,uniform,abstraction,8,HC_HI,LC_LI,16,20272877,133.0
0,3,5,1,uniform,abstraction,8,HC_HI,LC_LI,6,20272877,123.0
0,3,5,1,uniform,abstraction,8,HC_HI,LC_LI,81,20272877,119.0
0,3,5,1,uniform,abstraction,8,HC_HI,LC_LI,177,20272877,84.0
0,3,5,1,uniform,abstraction,8,HC_HI,LC_LI,16,20272877,133.0
0,3,5,1,uniform,abstraction,8,HC_HI,LC_LI,16,20272877,133.0
0,3,5,1,uniform,abstraction,8,HC_HI,LC_LI,292,20272877,132.0
0,3,5,1,uniform,abstraction,8,HC_HI,LC_LI,81,20272877,119.0
0,3,5,1,uniform,abstraction,8,HC_HI,LC_LI,139,20272877,108.0
0,3,5,1,uniform,abstraction,8,HC_HI,LC_LI,112,20272877,127.0
0,3,5,1,uniform,abstraction,8,HC_LI,LC_LI,105,20272877,136.0
0,3,5,1,uniform,abstraction,8,HC_LI,LC_LI,43,20272877,137.0
0,3,5,1,uniform,abstraction,8,HC_LI,LC_LI,194,20272877,118.0
0,3,5,1,uniform,abstraction,8,HC_LI,LC_LI,11,20272877,142.0
0,3,5,1,uniform,abstraction,8,HC_LI,LC_LI,55,20272877,142.0
0,3,5,1,uniform,abstraction,8,HC_LI,LC_LI,55,20272877,142.0
0,3,5,1,uniform,abstraction,8,HC_LI,LC_LI,194,20272877,118.0
0,3,5,1,uniform,abstraction,8,HC_LI,LC_LI,163,20272877,108.0
0,3,5,1,uniform,abstraction,8,HC_LI,LC_LI,3,20272877,104.0
0,3,5,1,uniform,abstraction,8,HC_LI,LC_LI,101,20272877,129.0
0,3,5,1,uniform,abstraction,8,HC_LI,LC_LI,115,20272877,132.0
0,3,5,1,uniform,abstraction,8,HC_LI,LC_LI,228,20272877,128.0
0,3,5,1,uniform,abstraction,8,HC_LI,LC_LI,228,20272877,128.0
0,3,5,1,uniform,abstraction,8,HC_LI,LC_LI,193,20272877,113.0
0,3,5,1,uniform,abstraction,8,HC_LI,LC_LI,108,20272877,137.0
0,3,5,1,uniform,abstraction,8,HC_LI,LC_LI,193,20272877,113.0
0,3,5,1,uniform,abstraction,8,HC_LI,LC_LI,55,20272877,142.0
0,3,5,1,uniform,abstraction,8,HC_LI,LC_LI,55,20272877,142.0
0,3,5,1,uniform,abstraction,8,HC_LI,LC_LI,38,20272877,118.0
0,3,5,1,uniform,abstraction,8,HC_LI,LC_LI,11,20272877,142.0
0,3,5,1,uniform,abstraction,8,LC_HI,LC_LI,205,20272877,109.0
0,3,5,1,uniform,abstraction,8,LC_HI,LC_LI,239,20272877,157.0
0,3,5,1,uniform,abstraction,8,LC_HI,LC_LI,186,20272877,113.0
0,3,5,1,uniform,abstraction,8,LC_HI,LC_LI,159,20272877,100.0
0,3,5,1,uniform,abstraction,8,LC_HI,LC_LI,265,20272877,118.0
0,3,5,1,uniform,abstraction,8,LC_HI,LC_LI,140,20272877,115.0
0,3,5,1,uniform,abstraction,8,LC_HI,LC_LI,265,20272877,118.0
0,3,5,1,uniform,abstraction,8,LC_HI,LC_LI,273,20272877,137.0
0,3,5,1,uniform,abstraction,8,LC_HI,LC_LI,42,20272877,137.0
0,3,5,1,uniform,abstraction,8,LC_HI,LC_LI,239,20272877,157.0
0,3,5,1,uniform,abstraction,8,LC_HI,LC_LI,230,20272877,141.0
0,3,5,1,uniform,abstraction,8,LC_HI,LC_LI,230,20272877,141.0
0,3,5,1,uniform,abstraction,8,LC_HI,LC_LI,209,20272877,108.0
0,3,5,1,uniform,abstraction,8,LC_HI,LC_LI,187,20272877,114.0
0,3,5,1,uniform,abstraction,8,LC_HI,LC_LI,170,20272877,138.0
0,3,5,1,uniform,abstraction,8,LC_HI,LC_LI,277,20272877,113.0
0,3,5,1,uniform,abstraction,8,LC_HI,LC_LI,299,20272877,143.0
0,3,5,1,uniform,abstraction,8,LC_HI,LC_LI,283,20272877,138.0
0,3,5,1,uniform,abstraction,8,LC_HI,LC_LI,230,20272877,141.0
0,3,5,1,uniform,abstraction,8,LC_HI,LC_LI,203,20272877,108.0
0,3,5,1,uniform,abstraction,8,LC_LI,LC_LI,125,20272877,109.0
0,3,5,1,uniform,abstraction,8,LC_LI,LC_LI,35,20272877,114.0
0,3,5,1,uniform,abstraction,8,LC_LI,LC_LI,5,20272877,132.0
0,3,5,1,uniform,abstraction,8,LC_LI,LC_LI,27,20272877,151.0
0,3,5,1,uniform,abstraction,8,LC_LI,LC_LI,27,20272877,151.0
0,3,5,1,uniform,abstraction,8,LC_LI,LC_LI,147,20272877,109.0
0,3,5,1,uniform,abstraction,8,LC_LI,LC_LI,146,20272877,99.0
0,3,5,1,uniform,abstraction,8,LC_LI,LC_LI,272,20272877,136.0
0,3,5,1,uniform,abstraction,8,LC_LI,LC_LI,215,20272877,109.0
0,3,5,1,uniform,abstraction,8,LC_LI,LC_LI,146,20272877,99.0
0,3,5,1,uniform,abstraction,8,LC_LI,LC_LI,103,20272877,95.0
0,3,5,1,uniform,abstraction,8,LC_LI,LC_LI,64,20272877,127.0
0,3,5,1,uniform,abstraction,8,LC_LI,LC_LI,125,20272877,109.0
0,3,5,1,uniform,abstraction,8,LC_LI,LC_LI,214,20272877,133.0
0,3,5,1,uniform,abstraction,8,LC_LI,LC_LI,47,20272877,122.0
0,3,5,1,uniform,abstraction,8,LC_LI,LC_LI,5,20272877,132.0
0,3,5,1,uniform,abstraction,8,LC_LI,LC_LI,156,20272877,114.0
0,3,5,1,uniform,abstraction,8,LC_LI,LC_LI,147,20272877,109.0
0,3,5,1,uniform,abstraction,8,LC_LI,LC_LI,64,20272877,127.0
0,3,5,1,uniform,abstraction,8,LC_LI,LC_LI,27,20272877,151.0
0,3,5,1,uniform,batched,8,random,LC_LI,73,20272914,203.0
0,3,5,1,uniform,batched,8,random,LC_LI,115,20272914,193.0
0,3,5,1,uniform,batched,8,random,LC_LI,3,20272914,182.0
0,3,5,1,uniform,batched,8,random,LC_LI,42,20272914,192.0
0,3,5,1,uniform,batched,8,random,LC_LI,74,20272914,113.0
0,3,5,1,uniform,batched,8,random,LC_LI,35,20272914,113.0
0,3,5,1,uniform,batched,8,random,LC_LI,81,20272914,141.0
0,3,5,1,uniform,batched,8,random,LC_LI,183,20272914,207.0
0,3,5,1,uniform,batched,8,random,LC_LI,93,20272914,197.0
0,3,5,1,uniform,batched,8,random,LC_LI,188,20272914,146.0
0,3,5,1,uniform,batched,8,random,LC_LI,142,20272914,198.0
0,3,5,1,uniform,batched,8,random,LC_LI,155,20272914,146.0
0,3,5,1,uniform,batched,8,random,LC_LI,191,20272914,80.0
0,3,5,1,uniform,batched,8,random,LC_LI,213,20272914,98.0
0,3,5,1,uniform,batched,8,random,LC_LI,32,20272914,164.0
0,3,5,1,uniform,batched,8,random,LC_LI,284,20272914,156.0
0,3,5,1,uniform,batched,8,random,LC_LI,12,20272914,155.0
0,3,5,1,uniform,batched,8,random,LC_LI,103,20272914,147.0
0,3,5,1,uniform,batched,8,random,LC_LI,216,20272914,117.0
0,3,5,1,uniform,batched,8,random,LC_LI,39,20272914,183.0
0,3,5,1,uniform,batched,8,HC_HI,LC_LI,143,20272914,240.0
0,3,5,1,uniform,batched,8,HC_HI,LC_LI,101,20272914,141.0
0,3,5,1,uniform,batched,8,HC_HI,LC_LI,12,20272914,155.0
0,3,5,1,uniform,batched,8,HC_HI,LC_LI,38,20272914,192.0
0,3,5,1,uniform,batched,8,HC_HI,LC_LI,42,20272914,192.0
0,3,5,1,uniform,batched,8,HC_HI,LC_LI,48,20272914,226.0
0,3,5,1,uniform,batched,8,HC_HI,LC_LI,255,20272914,240.0
0,3,5,1,uniform,batched,8,HC_HI,LC_LI,38,20272914,192.0
0,3,5,1,uniform,batched,8,HC_HI,LC_LI,12,20272914,155.0
0,3,5,1,uniform,batched,8,HC_HI,LC_LI,98,20272914,132.0
0,3,5,1,uniform,batched,8,HC_HI,LC_LI,139,20272914,145.0
0,3,5,1,uniform,batched,8,HC_HI,LC_LI,123,20272914,151.0
0,3,5,1,uniform,batched,8,HC_HI,LC_LI,92,20272914,202.0
0,3,5,1,uniform,batched,8,HC_HI,LC_LI,36,20272914,174.0
0,3,5,1,uniform,batched,8,HC_HI,LC_LI,58,20272914,226.0
0,3,5,1,uniform,batched,8,HC_HI,LC_LI,131,20272914,160.0
0,3,5,1,uniform,batched,8,HC_HI,LC_LI,128,20272914,150.0
0,3,5,1,uniform,batched,8,HC_HI,LC_LI,34,20272914,179.0
0,3,5,1,uniform,batched,8,HC_HI,LC_LI,225,20272914,197.0
0,3,5,1,uniform,batched,8,HC_HI,LC_LI,0,20272914,212.0
0,3,5,1,uniform,batched,8,HC_LI,LC_LI,183,20272914,207.0
0,3,5,1,uniform,batched,8,HC_LI,LC_LI,75,20272914,189.0
0,3,5,1,uniform,batched,8,HC_LI,LC_LI,183,20272914,207.0
0,3,5,1,uniform,batched,8,HC_LI,LC_LI,153,20272914,164.0
0,3,5,1,uniform,batched,8,HC_LI,LC_LI,230,20272914,166.0
0,3,5,1,uniform,batched,8,HC_LI,LC_LI,209,20272914,169.0
0,3,5,1,uniform,batched,8,HC_LI,LC_LI,237,20272914,155.0
0,3,5,1,uniform,batched,8,HC_LI,LC_LI,275,20272914,178.0
0,3,5,1,uniform,batched,8,HC_LI,LC_LI,280,20272914,165.0
0,3,5,1,uniform,batched,8,HC_LI,LC_LI,75,20272914,189.0
0,3,5,1,uniform,batched,8,HC_LI,LC_LI,177,20272914,226.0
0,3,5,1,uniform,batched,8,HC_LI,LC_LI,23,20272914,174.0
0,3,5,1,uniform,batched,8,HC_LI,LC_LI,229,20272914,188.0
0,3,5,1,uniform,batched,8,HC_LI,LC_LI,209,20272914,169.0
0,3,5,1,uniform,batched,8,HC_LI,LC_LI,150,20272914,161.0
0,3,5,1,uniform,batched,8,HC_LI,LC_LI,19,20272914,198.0
0,3,5,1,uniform,batched,8,HC_LI,LC_LI,44,20272914,183.0
0,3,5,1,uniform,batched,8,HC_LI,LC_LI,8,20272914,174.0
0,3,5,1,uniform,batched,8,HC_LI,LC_LI,209,20272914,169.0
0,3,5,1,uniform,batched,8,HC_LI,LC_LI,172,20272914,122.0
0,3,5,1,uniform,batched,8,LC_HI,LC_LI,154,20272914,165.0
0,3,5,1,uniform,batched,8,LC_HI,LC_LI,21,20272914,104.0
0,3,5,1,uniform,batched,8,LC_HI,LC_LI,61,20272914,154.0
0,3,5,1,uniform,batched,8,LC_HI,LC_LI,277,20272914,240.0
0,3,5,1,uniform,batched,8,LC_HI,LC_LI,216,20272914,117.0
0,3,5,1,uniform,batched,8,LC_HI,LC_LI,277,20272914,240.0
0,3,5,1,uniform,batched,8,LC_HI,LC_LI,268,20272914,122.0
0,3,5,1,uniform,batched,8,LC_HI,LC_LI,218,20272914,75.0
0,3,5,1,uniform,batched,8,LC_HI,LC_LI,228,20272914,185.0
0,3,5,1,uniform,batched,8,LC_HI,LC_LI,245,20272914,127.0
0,3,5,1,uniform,batched,8,LC_HI,LC_LI,289,20272914,165.0
0,3,5,1,uniform,batched,8,LC_HI,LC_LI,196,20272914,118.0
0,3,5,1,uniform,batched,8,LC_HI,LC_LI,292,20272914,141.0
0,3,5,1,uniform,batched,8,LC_HI,LC_LI,20,20272914,136.0
0,3,5,1,uniform,batched,8,LC_HI,LC_LI,126,20272914,127.0
0,3,5,1,uniform,batched,8,LC_HI,LC_LI,292,20272914,141.0
0,3,5,1,uniform,batched,8,LC_HI,LC_LI,292,20272914,141.0
0,3,5,1,uniform,batched,8,LC_HI,LC_LI,277,20272914,240.0
0,3,5,1,uniform,batched,8,LC_HI,LC_LI,21,20272914,104.0
0,3,5,1,uniform,batched,8,LC_HI,LC_LI,289,20272914,165.0
0,3,5,1,uniform,batched,8,LC_LI,LC_LI,256,20272914,169.0
0,3,5,1,uniform,batched,8,LC_LI,LC_LI,149,20272914,113.0
0,3,5,1,uniform,batched,8,LC_LI,LC_LI,45,20272914,112.0
0,3,5,1,uniform,batched,8,LC_LI,LC_LI,78,20272914,131.0
0,3,5,1,uniform,batched,8,LC_LI,LC_LI,78,20272914,131.0
0,3,5,1,uniform,batched,8,LC_LI,LC_LI,294,20272914,137.0
0,3,5,1,uniform,batched,8,LC_LI,LC_LI,244,20272914,188.0
0,3,5,1,uniform,batched,8,LC_LI,LC_LI,45,20272914,112.0
0,3,5,1,uniform,batched,8,LC_LI,LC_LI,78,20272914,131.0
0,3,5,1,uniform,batched,8,LC_LI,LC_LI,298,20272914,194.0
0,3,5,1,uniform,batched,8,LC_LI,LC_LI,149,20272914,113.0
0,3,5,1,uniform,batched,8,LC_LI,LC_LI,294,20272914,137.0
0,3,5,1,uniform,batched,8,LC_LI,LC_LI,262,20272914,197.0
0,3,5,1,uniform,batched,8,LC_LI,LC_LI,208,20272914,145.0
0,3,5,1,uniform,batched,8,LC_LI,LC_LI,233,20272914,187.0
0,3,5,1,uniform,batched,8,LC_LI,LC_LI,262,20272914,197.0
0,3,5,1,uniform,batched,8,LC_LI,LC_LI,243,20272914,188.0
0,3,5,1,uniform,batched,8,LC_LI,LC_LI,14,20272914,149.0
0,3,5,1,uniform,batched,8,LC_LI,LC_LI,84,20272914,140.0
0,3,5,1,uniform,batched,8,LC_LI,LC_LI,262,20272914,197.0
2,3,15,1,clustered,abstraction,8,random,LC_HI,11,20472883,98.0
2,3,15,1,clustered,abstraction,8,random,LC_HI,295,20472883,84.0
2,3,15,1,clustered,abstraction,8,random,LC_HI,264,20472883,112.0
2,3,15,1,clustered,abstraction,8,random,LC_HI,272,20472883,118.0
2,3,15,1,clustered,abstraction,8,random,LC_HI,98,20472883,137.0
2,3,15,1,clustered,abstraction,8,random,LC_HI,107,20472883,108.0
2,3,15,1,clustered,abstraction,8,random,LC_HI,93,20472883,107.0
2,3,15,1,clustered,abstraction,8,random,LC_HI,290,20472883,137.0
2,3,15,1,clustered,abstraction,8,random,LC_HI,139,20472883,108.0
2,3,15,1,clustered,abstraction,8,random,LC_HI,19,20472883,117.0
2,3,15,1,clustered,abstraction,8,random,LC_HI,170,20472883,112.0
2,3,15,1,clustered,abstraction,8,random,LC_HI,190,20472883,133.0
2,3,15,1,clustered,abstraction,8,random,LC_HI,210,20472883,113.0
2,3,15,1,clustered,abstraction,8,random,LC_HI,273,20472883,103.0
2,3,15,1,clustered,abstraction,8,random,LC_HI,114,20472883,85.0
2,3,15,1,clustered,abstraction,8,random,LC_HI,246,20472883,98.0
2,3,15,1,clustered,abstraction,8,random,LC_HI,272,20472883,118.0
2,3,15,1,clustered,abstraction,8,random,LC_HI,191,20472883,102.0
2,3,15,1,clustered,abstraction,8,random,LC_HI,178,20472883,94.0
2,3,15,1,clustered,abstraction,8,random,LC_HI,24,20472883,75.0
2,3,15,1,clustered,abstraction,8,HC_HI,LC_HI,275,20472883,141.0
2,3,15,1,clustered,abstraction,8,HC_HI,LC_HI,9,20472883,94.0
2,3,15,1,clustered,abstraction,8,HC_HI,LC_HI,226,20472883,137.0
2,3,15,1,clustered,abstraction,8,HC_HI,LC_HI,279,20472883,80.0
2,3,15,1,clustered,abstraction,8,HC_HI,LC_HI,275,20472883,141.0
2,3,15,1,clustered,abstraction,8,HC_HI,LC_HI,171,20472883,98.0
2,3,15,1,clustered,abstraction,8,HC_HI,LC_HI,201,20472883,136.0
2,3,15,1,clustered,abstraction,8,HC_HI,LC_HI,65,20472883,132.0
2,3,15,1,clustered,abstraction,8,HC_HI,LC_HI,250,20472883,109.0
2,3,15,1,clustered,abstraction,8,HC_HI,LC_HI,171,20472883,98.0
2,3,15,1,clustered,abstraction,8,HC_HI,LC_HI,296,20472883,131.0
2,3,15,1,clustered,abstraction,8,HC_HI,LC_HI,146,20472883,79.0
2,3,15,1,clustered,abstraction,8,HC_HI,LC_HI,146,20472883,79.0
2,3,15,1,clustered,abstraction,8,HC_HI,LC_HI,171,20472883,98.0
2,3,15,1,clustered,abstraction,8,HC_HI,LC_HI,89,20472883,147.0
2,3,15,1,clustered,abstraction,8,HC_HI,LC_HI,65,20472883,132.0
2,3,15,1,clustered,abstraction,8,HC_HI,LC_HI,89,20472883,147.0
2,3,15,1,clustered,abstraction,8,HC_HI,LC_HI,59,20472883,108.0
2,3,15,1,clustered,abstraction,8,HC_HI,LC_HI,46,20472883,89.0
2,3,15,1,clustered,abstraction,8,HC_HI,LC_HI,46,20472883,89.0
2,3,15,1,clustered,abstraction,8,HC_LI,LC_HI,69,20472883,137.0
2,3,15,1,clustered,abstraction,8,HC_LI,LC_HI,32,20472883,103.0
2,3,15,1,clustered,abstraction,8,HC_LI,LC_HI,231,20472883,112.0
2,3,15,1,clustered,abstraction,8,HC_LI,LC_HI,272,20472883,118.0
2,3,15,1,clustered,abstraction,8,HC_LI,LC_HI,277,20472883,99.0
2,3,15,1,clustered,abstraction,8,HC_LI,LC_HI,76,20472883,128.0
2,3,15,1,clustered,abstraction,8,HC_LI,LC_HI,210,20472883,113.0
2,3,15,1,clustered,abstraction,8,HC_LI,LC_HI,242,20472883,98.0
2,3,15,1,clustered,abstraction,8,HC_LI,LC_HI,277,20472883,99.0
2,3,15,1,clustered,abstraction,8,HC_LI,LC_HI,69,20472883,137.0
2,3,15,1,clustered,abstraction,8,HC_LI,LC_HI,141,20472883,108.0
2,3,15,1,clustered,abstraction,8,HC_LI,LC_HI,53,20472883,93.0
2,3,15,1,clustered,abstraction,8,HC_LI,LC_HI,247,20472883,94.0
2,3,15,1,clustered,abstraction,8,HC_LI,LC_HI,299,20472883,113.0
2,3,15,1,clustered,abstraction,8,HC_LI,LC_HI,254,20472883,108.0
2,3,15,1,clustered,abstraction,8,HC_LI,LC_HI,157,20472883,108.0
2,3,15,1,clustered,abstraction,8,HC_LI,LC_HI,272,20472883,118.0
2,3,15,1,clustered,abstraction,8,HC_LI,LC_HI,157,20472883,108.0
2,3,15,1,clustered,abstraction,8,HC_LI,LC_HI,253,20472883,109.0
2,3,15,1,clustered,abstraction,8,HC_LI,LC_HI,157,20472883,108.0
2,3,15,1,clustered,abstraction,8,LC_HI,LC_HI,158,20472883,126.0
2,3,15,1,clustered,abstraction,8,LC_HI,LC_HI,221,20472883,111.0
2,3,15,1,clustered,abstraction,8,LC_HI,LC_HI,129,20472883,107.0
2,3,15,1,clustered,abstraction,8,LC_HI,LC_HI,221,20472883,111.0
2,3,15,1,clustered,abstraction,8,LC_HI,LC_HI,87,20472883,75.0
2,3,15,1,clustered,abstraction,8,LC_HI,LC_HI,87,20472883,75.0
2,3,15,1,clustered,abstraction,8,LC_HI,LC_HI,189,20472883,126.0
2,3,15,1,clustered,abstraction,8,LC_HI,LC_HI,298,20472883,111.0
2,3,15,1,clustered,abstraction,8,LC_HI,LC_HI,163,20472883,112.0
2,3,15,1,clustered,abstraction,8,LC_HI,LC_HI,75,20472883,112.0
2,3,15,1,clustered,abstraction,8,LC_HI,LC_HI,31,20472883,93.0
2,3,15,1,clustered,abstraction,8,LC_HI,LC_HI,127,20472883,112.0
2,3,15,1,clustered,abstraction,8,LC_HI,LC_HI,41,20472883,121.0
2,3,15,1,clustered,abstraction,8,LC_HI,LC_HI,158,20472883,126.0
2,3,15,1,clustered,abstraction,8,LC_HI,LC_HI,163,20472883,112.0
2,3,15,1,clustered,abstraction,8,LC_HI,LC_HI,158,20472883,126.0
2,3,15,1,clustered,abstraction,8,LC_HI,LC_HI,189,20472883,126.0
2,3,15,1,clustered,abstraction,8,LC_HI,LC_HI,120,20472883,107.0
2,3,15,1,clustered,abstraction,8,LC_HI,LC_HI,153,20472883,117.0
2,3,15,1,clustered,abstraction,8,LC_HI,LC_HI,152,20472883,75.0
2,3,15,1,clustered,abstraction,8,LC_LI,LC_HI,282,20472883,98.0
2,3,15,1,clustered,abstraction,8,LC_LI,LC_HI,227,20472883,98.0
2,3,15,1,clustered,abstraction,8,LC_LI,LC_HI,23,20472883,117.0
2,3,15,1,clustered,abstraction,8,LC_LI,LC_HI,197,20472883,98.0
2,3,15,1,clustered,abstraction,8,LC_LI,LC_HI,295,20472883,84.0
2,3,15,1,clustered,abstraction,8,LC_LI,LC_HI,104,20472883,98.0
2,3,15,1,clustered,abstraction,8,LC_LI,LC_HI,191,20472883,102.0
2,3,15,1,clustered,abstraction,8,LC_LI,LC_HI,198,20472883,107.0
2,3,15,1,clustered,abstraction,8,LC_LI,LC_HI,219,20472883,98.0
2,3,15,1,clustered,abstraction,8,LC_LI,LC_HI,284,20472883,93.0
2,3,15,1,clustered,abstraction,8,LC_LI,LC_HI,12,20472883,93.0
2,3,15,1,clustered,abstraction,8,LC_LI,LC_HI,23,20472883,117.0
2,3,15,1,clustered,abstraction,8,LC_LI,LC_HI,10,20472883,84.0
2,3,15,1,clustered,abstraction,8,LC_LI,LC_HI,227,20472883,98.0
2,3,15,1,clustered,abstraction,8,LC_LI,LC_HI,197,20472883,98.0
2,3,15,1,clustered,abstraction,8,LC_LI,LC_HI,137,20472883,112.0
2,3,15,1,clustered,abstraction,8,LC_LI,LC_HI,86,20472883,103.0
2,3,15,1,clustered,abstraction,8,LC_LI,LC_HI,68,20472883,98.0
2,3,15,1,clustered,abstraction,8,LC_LI,LC_HI,52,20472883,88.0
2,3,15,1,clustered,abstraction,8,LC_LI,LC_HI,12,20472883,93.0
2,3,15,1,clustered,batched,8,random,LC_LI,226,20472920,153.0
2,3,15,1,clustered,batched,8,random,LC_LI,95,20472920,102.0
2,3,15,1,clustered,batched,8,random,LC_LI,82,20472920,145.0
2,3,15,1,clustered,batched,8,random,LC_LI,245,20472920,106.0
2,3,15,1,clustered,batched,8,random,LC_LI,190,20472920,142.0
2,3,15,1,clustered,batched,8,random,LC_LI,29,20472920,150.0
2,3,15,1,clustered,batched,8,random,LC_LI,252,20472920,158.0
2,3,15,1,clustered,batched,8,random,LC_LI,180,20472920,145.0
2,3,15,1,clustered,batched,8,random,LC_LI,80,20472920,112.0
2,3,15,1,clustered,batched,8,random,LC_LI,20,20472920,102.0
2,3,15,1,clustered,batched,8,random,LC_LI,169,20472920,145.0
2,3,15,1,clustered,batched,8,random,LC_LI,197,20472920,125.0
2,3,15,1,clustered,batched,8,random,LC_LI,68,20472920,117.0
2,3,15,1,clustered,batched,8,random,LC_LI,49,20472920,162.0
2,3,15,1,clustered,batched,8,random,LC_LI,136,20472920,136.0
2,3,15,1,clustered,batched,8,random,LC_LI,150,20472920,140.0
2,3,15,1,clustered,batched,8,random,LC_LI,277,20472920,159.0
2,3,15,1,clustered,batched,8,random,LC_LI,94,20472920,197.0
2,3,15,1,clustered,batched,8,random,LC_LI,118,20472920,167.0
2,3,15,1,clustered,batched,8,random,LC_LI,7,20472920,157.0
2,3,15,1,clustered,batched,8,HC_HI,LC_LI,138,20472920,132.0
2,3,15,1,clustered,batched,8,HC_HI,LC_LI,138,20472920,132.0
2,3,15,1,clustered,batched,8,HC_HI,LC_LI,184,20472920,149.0
2,3,15,1,clustered,batched,8,HC_HI,LC_LI,9,20472920,108.0
2,3,15,1,clustered,batched,8,HC_HI,LC_LI,232,20472920,141.0
2,3,15,1,clustered,batched,8,HC_HI,LC_LI,206,20472920,103.0
2,3,15,1,clustered,batched,8,HC_HI,LC_LI,9,20472920,108.0
2,3,15,1,clustered,batched,8,HC_HI,LC_LI,244,20472920,122.0
2,3,15,1,clustered,batched,8,HC_HI,LC_LI,44,20472920,201.0
2,3,15,1,clustered,batched,8,HC_HI,LC_LI,98,20472920,113.0
2,3,15,1,clustered,batched,8,HC_HI,LC_LI,98,20472920,113.0
2,3,15,1,clustered,batched,8,HC_HI,LC_LI,4,20472920,168.0
2,3,15,1,clustered,batched,8,HC_HI,LC_LI,136,20472920,136.0
2,3,15,1,clustered,batched,8,HC_HI,LC_LI,184,20472920,149.0
2,3,15,1,clustered,batched,8,HC_HI,LC_LI,217,20472920,103.0
2,3,15,1,clustered,batched,8,HC_HI,LC_LI,206,20472920,103.0
2,3,15,1,clustered,batched,8,HC_HI,LC_LI,219,20472920,158.0
2,3,15,1,clustered,batched,8,HC_HI,LC_LI,244,20472920,122.0
2,3,15,1,clustered,batched,8,HC_HI,LC_LI,44,20472920,201.0
2,3,15,1,clustered,batched,8,HC_HI,LC_LI,218,20472920,149.0
2,3,15,1,clustered,batched,8,HC_LI,LC_LI,114,20472920,126.0
2,3,15,1,clustered,batched,8,HC_LI,LC_LI,24,20472920,173.0
2,3,15,1,clustered,batched,8,HC_LI,LC_LI,38,20472920,159.0
2,3,15,1,clustered,batched,8,HC_LI,LC_LI,133,20472920,121.0
2,3,15,1,clustered,batched,8,HC_LI,LC_LI,74,20472920,155.0
2,3,15,1,clustered,batched,8,HC_LI,LC_LI,269,20472920,140.0
2,3,15,1,clustered,batched,8,HC_LI,LC_LI,287,20472920,159.0
2,3,15,1,clustered,batched,8,HC_LI,LC_LI,175,20472920,198.0
2,3,15,1,clustered,batched,8,HC_LI,LC_LI,280,20472920,140.0
2,3,15,1,clustered,batched,8,HC_LI,LC_LI,280,20472920,140.0
2,3,15,1,clustered,batched,8,HC_LI,LC_LI,110,20472920,211.0
2,3,15,1,clustered,batched,8,HC_LI,LC_LI,34,20472920,164.0
2,3,15,1,clustered,batched,8,HC_LI,LC_LI,287,20472920,159.0
2,3,15,1,clustered,batched,8,HC_LI,LC_LI,43,20472920,145.0
2,3,15,1,clustered,batched,8,HC_LI,LC_LI,234,20472920,163.0
2,3,15,1,clustered,batched,8,HC_LI,LC_LI,25,20472920,145.0
2,3,15,1,clustered,batched,8,HC_LI,LC_LI,94,20472920,197.0
2,3,15,1,clustered,batched,8,HC_LI,LC_LI,26,20472920,159.0
2,3,15,1,clustered,batched,8,HC_LI,LC_LI,234,20472920,163.0
2,3,15,1,clustered,batched,8,HC_LI,LC_LI,110,20472920,211.0
2,3,15,1,clustered,batched,8,LC_HI,LC_LI,1,20472920,158.0
2,3,15,1,clustered,batched,8,LC_HI,LC_LI,214,20472920,93.0
2,3,15,1,clustered,batched,8,LC_HI,LC_LI,111,20472920,143.0
2,3,15,1,clustered,batched,8,LC_HI,LC_LI,84,20472920,88.0
2,3,15,1,clustered,batched,8,LC_HI,LC_LI,30,20472920,79.0
2,3,15,1,clustered,batched,8,LC_HI,LC_LI,27,20472920,157.0
2,3,15,1,clustered,batched,8,LC_HI,LC_LI,148,20472920,79.0
2,3,15,1,clustered,batched,8,LC_HI,LC_LI,152,20472920,143.0
2,3,15,1,clustered,batched,8,LC_HI,LC_LI,8,20472920,157.0
2,3,15,1,clustered,batched,8,LC_HI,LC_LI,266,20472920,152.0
2,3,15,1,clustered,batched,8,LC_HI,LC_LI,30,20472920,79.0
2,3,15,1,clustered,batched,8,LC_HI,LC_LI,111,20472920,143.0
2,3,15,1,clustered,batched,8,LC_HI,LC_LI,199,20472920,79.0
2,3,15,1,clustered,batched,8,LC_HI,LC_LI,293,20472920,158.0
2,3,15,1,clustered,batched,8,LC_HI,LC_LI,148,20472920,79.0
2,3,15,1,clustered,batched,8,LC_HI,LC_LI,7,20472920,157.0
2,3,15,1,clustered,batched,8,LC_HI,LC_LI,214,20472920,93.0
2,3,15,1,clustered,batched,8,LC_HI,LC_LI,186,20472920,79.0
2,3,15,1,clustered,batched,8,LC_HI,LC_LI,152,20472920,143.0
2,3,15,1,clustered,batched,8,LC_HI,LC_LI,30,20472920,79.0
2,3,15,1,clustered,batched,8,LC_LI,LC_LI,116,20472920,111.0
2,3,15,1,clustered,batched,8,LC_LI,LC_LI,146,20472920,125.0
2,3,15,1,clustered,batched,8,LC_LI,LC_LI,58,20472920,135.0
2,3,15,1,clustered,batched,8,LC_LI,LC_LI,201,20472920,125.0
2,3,15,1,clustered,batched,8,LC_LI,LC_LI,197,20472920,125.0
2,3,15,1,clustered,batched,8,LC_LI,LC_LI,187,20472920,102.0
2,3,15,1,clustered,batched,8,LC_LI,LC_LI,202,20472920,107.0
2,3,15,1,clustered,batched,8,LC_LI,LC_LI,238,20472920,126.0
2,3,15,1,clustered,batched,8,LC_LI,LC_LI,279,20472920,130.0
2,3,15,1,clustered,batched,8,LC_LI,LC_LI,187,20472920,102.0
2,3,15,1,clustered,batched,8,LC_LI,LC_LI,100,20472920,125.0
2,3,15,1,clustered,batched,8,LC_LI,LC_LI,202,20472920,107.0
2,3,15,1,clustered,batched,8,LC_LI,LC_LI,171,20472920,130.0
2,3,15,1,clustered,batched,8,LC_LI,LC_LI,187,20472920,102.0
2,3,15,1,clustered,batched,8,LC_LI,LC_LI,224,20472920,102.0
2,3,15,1,clustered,batched,8,LC_LI,LC_LI,109,20472920,88.0
2,3,15,1,clustered,batched,8,LC_LI,LC_LI,39,20472920,120.0
2,3,15,1,clustered,batched,8,LC_LI,LC_LI,248,20472920,120.0
2,3,15,1,clustered,batched,8,LC_LI,LC_LI,19,20472920,125.0
2,3,15,1,clustered,batched,8,LC_LI,LC_LI,162,20472920,116.0
4,3,30,1,diurnal,abstraction,8,random,HC_HI,176,20672889,211.01742529141939
4,3,30,1,diurnal,abstraction,8,random,HC_HI,240,20672889,158.25927375722927
4,3,30,1,diurnal,abstraction,8,random,HC_HI,285,20672889,157.62088420413326
4,3,30,1,diurnal,abstraction,8,random,HC_HI,56,20672889,198.18601189607864
4,3,30,1,diurnal,abstraction,8,random,HC_HI,190,20672889,166.27503098432067
4,3,30,1,diurnal,abstraction,8,random,HC_HI,169,20672889,162.385975062304
4,3,30,1,diurnal,abstraction,8,random,HC_HI,75,20672889,145.02034252326823
4,3,30,1,diurnal,abstraction,8,random,HC_HI,10,20672889,146.18601189607864
4,3,30,1,diurnal,abstraction,8,random,HC_HI,107,20672889,155.31146250108975
4,3,30,1,diurnal,abstraction,8,random,HC_HI,254,20672889,171.28223764274432
4,3,30,1,diurnal,abstraction,8,random,HC_HI,41,20672889,165.97632806037
4,3,30,1,diurnal,abstraction,8,random,HC_HI,163,20672889,147.03923077360434
4,3,30,1,diurnal,abstraction,8,random,HC_HI,12,20672889,170.1962863396851
4,3,30,1,diurnal,abstraction,8,random,HC_HI,4,20672889,182.91728755443438
4,3,30,1,diurnal,abstraction,8,random,HC_HI,212,20672889,156.9998340774131
4,3,30,1,diurnal,abstraction,8,random,HC_HI,50,20672889,180.76095991051312
4,3,30,1,diurnal,abstraction,8,random,HC_HI,212,20672889,156.9998340774131
4,3,30,1,diurnal,abstraction,8,random,HC_HI,57,20672889,132.19161420189158
4,3,30,1,diurnal,abstraction,8,random,HC_HI,149,20672889,171.67384958350067
4,3,30,1,diurnal,abstraction,8,random,HC_HI,297,20672889,157.5202687894152
4,3,30,1,diurnal,abstraction,8,HC_HI,HC_HI,92,20672889,186.12110393017744
4,3,30,1,diurnal,abstraction,8,HC_HI,HC_HI,14,20672889,190.15280057317358
4,3,30,1,diurnal,abstraction,8,HC_HI,HC_HI,132,20672889,175.79773665012655
4,3,30,1,diurnal,abstraction,8,HC_HI,HC_HI,186,20672889,145.70276660712585
4,3,30,1,diurnal,abstraction,8,HC_HI,HC_HI,105,20672889,162.43952506175413
4,3,30,1,diurnal,abstraction,8,HC_HI,HC_HI,120,20672889,130.39667779474556
4,3,30,1,diurnal,abstraction,8,HC_HI,HC_HI,290,20672889,173.81848624758047
4,3,30,1,diurnal,abstraction,8,HC_HI,HC_HI,290,20672889,173.81848624758047
4,3,30,1,diurnal,abstraction,8,HC_HI,HC_HI,37,20672889,128.8714192685511
4,3,30,1,diurnal,abstraction,8,HC_HI,HC_HI,52,20672889,160.59618640986358
4,3,30,1,diurnal,abstraction,8,HC_HI,HC_HI,159,20672889,187.6882555153881
4,3,30,1,diurnal,abstraction,8,HC_HI,HC_HI,293,20672889,180.417785542892
4,3,30,1,diurnal,abstraction,8,HC_HI,HC_HI,79,20672889,152.06175459562456
4,3,30,1,diurnal,abstraction,8,HC_HI,HC_HI,115,20672889,125.6772632062133
4,3,30,1,diurnal,abstraction,8,HC_HI,HC_HI,90,20672889,111.86017812218154
4,3,30,1,diurnal,abstraction,8,HC_HI,HC_HI,105,20672889,162.43952506175413
4,3,30,1,diurnal,abstraction,8,HC_HI,HC_HI,22,20672889,133.40662074787969
4,3,30,1,diurnal,abstraction,8,HC_HI,HC_HI,105,20672889,162.43952506175413
4,3,30,1,diurnal,abstraction,8,HC_HI,HC_HI,119,20672889,133.01835703298676
4,3,30,1,diurnal,abstraction,8,HC_HI,HC_HI,90,20672889,111.86017812218154
4,3,30,1,diurnal,abstraction,8,HC_LI,HC_HI,36,20672889,146.9685229911155
4,3,30,1,diurnal,abstraction,8,HC_LI,HC_HI,109,20672889,177.46817423720006
4,3,30,1,diurnal,abstraction,8,HC_LI,HC_HI,96,20672889,158.7883218000516
4,3,30,1,diurnal,abstraction,8,HC_LI,HC_HI,140,20672889,168.0713574736863
4,3,30,1,diurnal,abstraction,8,HC_LI,HC_HI,10,20672889,146.18601189607864
4,3,30,1,diurnal,abstraction,8,HC_LI,HC_HI,10,20672889,146.18601189607864
4,3,30,1,diurnal,abstraction,8,HC_LI,HC_HI,40,20672889,144.59062295488846
4,3,30,1,diurnal,abstraction,8,HC_LI,HC_HI,82,20672889,189.3799786593781
4,3,30,1,diurnal,abstraction,8,HC_LI,HC_HI,40,20672889,144.59062295488846
4,3,30,1,diurnal,abstraction,8,HC_LI,HC_HI,86,20672889,151.56224960441847
4,3,30,1,diurnal,abstraction,8,HC_LI,HC_HI,235,20672889,176.85503084752733
4,3,30,1,diurnal,abstraction,8,HC_LI,HC_HI,109,20672889,177.46817423720006
4,3,30,1,diurnal,abstraction,8,HC_LI,HC_HI,223,20672889,174.4454230837961
4,3,30,1,diurnal,abstraction,8,HC_LI,HC_HI,36,20672889,146.9685229911155
4,3,30,1,diurnal,abstraction,8,HC_LI,HC_HI,272,20672889,184.7448759540499
4,3,30,1,diurnal,abstraction,8,HC_LI,HC_HI,41,20672889,165.97632806037
4,3,30,1,diurnal,abstraction,8,HC_LI,HC_HI,261,20672889,142.0513886520023
4,3,30,1,diurnal,abstraction,8,HC_LI,HC_HI,207,20672889,161.19161420189158
4,3,30,1,diurnal,abstraction,8,HC_LI,HC_HI,83,20672889,151.57899312235892
4,3,30,1,diurnal,abstraction,8,HC_LI,HC_HI,1,20672889,156.89905970632563
4,3,30,1,diurnal,abstraction,8,LC_HI,HC_HI,197,20672889,179.32662196846582
4,3,30,1,diurnal,abstraction,8,LC_HI,HC_HI,28,20672889,109.18303802132809
4,3,30,1,diurnal,abstraction,8,LC_HI,HC_HI,260,20672889,166.12128409405094
4,3,30,1,diurnal,abstraction,8,LC_HI,HC_HI,166,20672889,157.8778042713336
4,3,30,1,diurnal,abstraction,8,LC_HI,HC_HI,233,20672889,148.48894049179398
4,3,30,1,diurnal,abstraction,8,LC_HI,HC_HI,146,20672889,202.42148692884567
4,3,30,1,diurnal,abstraction,8,LC_HI,HC_HI,233,20672889,148.48894049179398
4,3,30,1,diurnal,abstraction,8,LC_HI,HC_HI,60,20672889,158.2638620245495
4,3,30,1,diurnal,abstraction,8,LC_HI,HC_HI,260,20672889,166.12128409405094
4,3,30,1,diurnal,abstraction,8,LC_HI,HC_HI,56,20672889,198.18601189607864
4,3,30,1,diurnal,abstraction,8,LC_HI,HC_HI,197,20672889,179.32662196846582
4,3,30,1,diurnal,abstraction,8,LC_HI,HC_HI,209,20672889,154.04708482916783
4,3,30,1,diurnal,abstraction,8,LC_HI,HC_HI,136,20672889,144.22841671322914
4,3,30,1,diurnal,abstraction,8,LC_HI,HC_HI,160,20672889,153.75205935196107
4,3,30,1,diurnal,abstraction,8,LC_HI,HC_HI,213,20672889,127.33849115360768
4,3,30,1,diurnal,abstraction,8,LC_HI,HC_HI,118,20672889,150.36379521538794
4,3,30,1,diurnal,abstraction,8,LC_HI,HC_HI,89,20672889,180.33849115360766
4,3,30,1,diurnal,abstraction,8,LC_HI,HC_HI,172,20672889,174.3820066871089
4,3,30,1,diurnal,abstraction,8,LC_HI,HC_HI,236,20672889,141.01735385496892
4,3,30,1,diurnal,abstraction,8,LC_HI,HC_HI,118,20672889,150.36379521538794
4,3,30,1,diurnal,abstraction,8,LC_LI,HC_HI,106,20672889,172.58669101358345
4,3,30,1,diurnal,abstraction,8,LC_LI,HC_HI,17,20672889,165.84325085639347
4,3,30,1,diurnal,abstraction,8,LC_LI,HC_HI,18,20672889,143.4702827264793
4,3,30,1,diurnal,abstraction,8,LC_LI,HC_HI,137,20672889,124.05819830111872
4,3,30,1,diurnal,abstraction,8,LC_LI,HC_HI,281,20672889,150.85334970175498
4,3,30,1,diurnal,abstraction,8,LC_LI,HC_HI,188,20672889,178.36434352880906
4,3,30,1,diurnal,abstraction,8,LC_LI,HC_HI,54,20672889,164.4030942734602
4,3,30,1,diurnal,abstraction,8,LC_LI,HC_HI,7,20672889,151.0801176950091
4,3,30,1,diurnal,abstraction,8,LC_LI,HC_HI,299,20672889,165.4735400590543
4,3,30,1,diurnal,abstraction,8,LC_LI,HC_HI,185,20672889,186.12533100281155
4,3,30,1,diurnal,abstraction,8,LC_LI,HC_HI,281,20672889,150.85334970175498
4,3,30,1,diurnal,abstraction,8,LC_LI,HC_HI,7,20672889,151.0801176950091
4,3,30,1,diurnal,abstraction,8,LC_LI,HC_HI,54,20672889,164.4030942734602
4,3,30,1,diurnal,abstraction,8,LC_LI,HC_HI,248,20672889,148.93700045386322
4,3,30,1,diurnal,abstraction,8,LC_LI,HC_HI,185,20672889,186.12533100281155
4,3,30,1,diurnal,abstraction,8,LC_LI,HC_HI,264,20672889,167.4290709285361
4,3,30,1,diurnal,abstraction,8,LC_LI,HC_HI,281,20672889,150.85334970175498
4,3,30,1,diurnal,abstraction,8,LC_LI,HC_HI,215,20672889,152.0238766333755
4,3,30,1,diurnal,abstraction,8,LC_LI,HC_HI,281,20672889,150.85334970175498
4,3,30,1,diurnal,abstraction,8,LC_LI,HC_HI,299,20672889,165.4735400590543
4,3,30,1,diurnal,batched,8,random,LC_LI,119,20672926,200.87075907886427
4,3,30,1,diurnal,batched,8,random,LC_LI,236,20672926,180.88594020948435
4,3,30,1,diurnal,batched,8,random,LC_LI,8,20672926,194.71247637787206
4,3,30,1,diurnal,batched,8,random,LC_LI,182,20672926,190.06003886450878
4,3,30,1,diurnal,batched,8,random,LC_LI,6,20672926,199.10830868489427
4,3,30,1,diurnal,batched,8,random,LC_LI,247,20672926,242.62146160703682
4,3,30,1,diurnal,batched,8,random,LC_LI,184,20672926,184.36219523131226
4,3,30,1,diurnal,batched,8,random,LC_LI,298,20672926,179.8237095827138
4,3,30,1,diurnal,batched,8,random,LC_LI,65,20672926,191.9322249279372
4,3,30,1,diurnal,batched,8,random,LC_LI,40,20672926,180.03923077360434
4,3,30,1,diurnal,batched,8,random,LC_LI,184,20672926,184.36219523131226
4,3,30,1,diurnal,batched,8,random,LC_LI,146,20672926,202.86807469493877
4,3,30,1,diurnal,batched,8,random,LC_LI,237,20672926,196.8088837909711
4,3,30,1,diurnal,batched,8,random,LC_LI,88,20672926,220.53795999212758
4,3,30,1,diurnal,batched,8,random,LC_LI,243,20672926,171.3344750658541
4,3,30,1,diurnal,batched,8,random,LC_LI,248,20672926,194.13615092516756
4,3,30,1,diurnal,batched,8,random,LC_LI,160,20672926,187.2599934294463
4,3,30,1,diurnal,batched,8,random,LC_LI,5,20672926,233.61843033732941
4,3,30,1,diurnal,batched,8,random,LC_LI,25,20672926,226.57899312235892
4,3,30,1,diurnal,batched,8,random,LC_LI,284,20672926,159.84575751840185
4,3,30,1,diurnal,batched,8,HC_HI,LC_LI,128,20672926,269.1617206457268
4,3,30,1,diurnal,batched,8,HC_HI,LC_LI,226,20672926,207.55438229170676
4,3,30,1,diurnal,batched,8,HC_HI,LC_LI,226,20672926,207.55438229170676
4,3,30,1,diurnal,batched,8,HC_HI,LC_LI,192,20672926,213.15785235292975
4,3,30,1,diurnal,batched,8,HC_HI,LC_LI,226,20672926,207.55438229170676
4,3,30,1,diurnal,batched,8,HC_HI,LC_LI,128,20672926,269.1617206457268
4,3,30,1,diurnal,batched,8,HC_HI,LC_LI,220,20672926,214.89621471066283
4,3,30,1,diurnal,batched,8,HC_HI,LC_LI,139,20672926,235.32535576913855
4,3,30,1,diurnal,batched,8,HC_HI,LC_LI,175,20672926,186.02741264422
4,3,30,1,diurnal,batched,8,HC_HI,LC_LI,218,20672926,205.64466298194944
4,3,30,1,diurnal,batched,8,HC_HI,LC_LI,226,20672926,207.55438229170676
4,3,30,1,diurnal,batched,8,HC_HI,LC_LI,262,20672926,183.2011493140419
4,3,30,1,diurnal,batched,8,HC_HI,LC_LI,175,20672926,186.02741264422
4,3,30,1,diurnal,batched,8,HC_HI,LC_LI,15,20672926,255.50733253044314
4,3,30,1,diurnal,batched,8,HC_HI,LC_LI,128,20672926,269.1617206457268
4,3,30,1,diurnal,batched,8,HC_HI,LC_LI,196,20672926,132.23646461173604
4,3,30,1,diurnal,batched,8,HC_HI,LC_LI,139,20672926,235.32535576913855
4,3,30,1,diurnal,batched,8,HC_HI,LC_LI,220,20672926,214.89621471066283
4,3,30,1,diurnal,batched,8,HC_HI,LC_LI,207,20672926,201.3598753848246
4,3,30,1,diurnal,batched,8,HC_HI,LC_LI,286,20672926,199.62291808661098
4,3,30,1,diurnal,batched,8,HC_LI,LC_LI,110,20672926,201.57899312235892
4,3,30,1,diurnal,batched,8,HC_LI,LC_LI,97,20672926,213.27308428489928
4,3,30,1,diurnal,batched,8,HC_LI,LC_LI,80,20672926,187.11176519664448
4,3,30,1,diurnal,batched,8,HC_LI,LC_LI,63,20672926,231.65680399376248
4,3,30,1,diurnal,batched,8,HC_LI,LC_LI,80,20672926,187.11176519664448
4,3,30,1,diurnal,batched,8,HC_LI,LC_LI,51,20672926,182.48244299452347
4,3,30,1,diurnal,batched,8,HC_LI,LC_LI,91,20672926,178.05129573042876
4,3,30,1,diurnal,batched,8,HC_LI,LC_LI,18,20672926,205.39667779474556
4,3,30,1,diurnal,batched,8,HC_LI,LC_LI,97,20672926,213.27308428489928
4,3,30,1,diurnal,batched,8,HC_LI,LC_LI,18,20672926,205.39667779474556
4,3,30,1,diurnal,batched,8,HC_LI,LC_LI,113,20672926,220.3805439661278
4,3,30,1,diurnal,batched,8,HC_LI,LC_LI,152,20672926,214.85807010351033
4,3,30,1,diurnal,batched,8,HC_LI,LC_LI,71,20672926,204.09459576533453
4,3,30,1,diurnal,batched,8,HC_LI,LC_LI,80,20672926,187.11176519664448
4,3,30,1,diurnal,batched,8,HC_LI,LC_LI,71,20672926,204.09459576533453
4,3,30,1,diurnal,batched,8,HC_LI,LC_LI,131,20672926,220.24468337195242
4,3,30,1,diurnal,batched,8,HC_LI,LC_LI,91,20672926,178.05129573042876
4,3,30,1,diurnal,batched,8,HC_LI,LC_LI,131,20672926,220.24468337195242
4,3,30,1,diurnal,batched,8,HC_LI,LC_LI,91,20672926,178.05129573042876
4,3,30,1,diurnal,batched,8,HC_LI,LC_LI,97,20672926,213.27308428489928
4,3,30,1,diurnal,batched,8,LC_HI,LC_LI,150,20672926,261.62146160703685
4,3,30,1,diurnal,batched,8,LC_HI,LC_LI,195,20672926,222.9998340774131
4,3,30,1,diurnal,batched,8,LC_HI,LC_LI,100,20672926,178.26102113272378
4,3,30,1,diurnal,batched,8,LC_HI,LC_LI,150,20672926,261.62146160703685
4,3,30,1,diurnal,batched,8,LC_HI,LC_LI,16,20672926,185.71247637787206
4,3,30,1,diurnal,batched,8,LC_HI,LC_LI,10,20672926,176.50122716768834
4,3,30,1,diurnal,batched,8,LC_HI,LC_LI,138,20672926,196.47959235752097
4,3,30,1,diurnal,batched,8,LC_HI,LC_LI,204,20672926,223.13373147522725
4,3,30,1,diurnal,batched,8,LC_HI,LC_LI,258,20672926,194.9610543682676
4,3,30,1,diurnal,batched,8,LC_HI,LC_LI,204,20672926,223.13373147522725
4,3,30,1,diurnal,batched,8,LC_HI,LC_LI,239,20672926,204.4591336954549
4,3,30,1,diurnal,batched,8,LC_HI,LC_LI,147,20672926,275.4205062126051
4,3,30,1,diurnal,batched,8,LC_HI,LC_LI,28,20672926,196.3684046250319
4,3,30,1,diurnal,batched,8,LC_HI,LC_LI,85,20672926,136.24468337195242
4,3,30,1,diurnal,batched,8,LC_HI,LC_LI,274,20672926,208.5628830503598
4,3,30,1,diurnal,batched,8,LC_HI,LC_LI,114,20672926,172.64466298194944
4,3,30,1,diurnal,batched,8,LC_HI,LC_LI,273,20672926,155.19560317818653
4,3,30,1,diurnal,batched,8,LC_HI,LC_LI,277,20672926,194.66094413438478
4,3,30,1,diurnal,batched,8,LC_HI,LC_LI,271,20672926,178.72447869138153
4,3,30,1,diurnal,batched,8,LC_HI,LC_LI,16,20672926,185.71247637787206
4,3,30,1,diurnal,batched,8,LC_LI,LC_LI,29,20672926,214.0513886520023
4,3,30,1,diurnal,batched,8,LC_LI,LC_LI,167,20672926,236.91312350795437
4,3,30,1,diurnal,batched,8,LC_LI,LC_LI,144,20672926,231.9017637603485
4,3,30,1,diurnal,batched,8,LC_LI,LC_LI,256,20672926,162.63124604555514
4,3,30,1,diurnal,batched,8,LC_LI,LC_LI,17,20672926,193.68615208643897
4,3,30,1,diurnal,batched,8,LC_LI,LC_LI,29,20672926,214.0513886520023
4,3,30,1,diurnal,batched,8,LC_LI,LC_LI,53,20672926,217.32535576913855
4,3,30,1,diurnal,batched,8,LC_LI,LC_LI,284,20672926,159.84575751840185
4,3,30,1,diurnal,batched,8,LC_LI,LC_LI,256,20672926,162.63124604555514
4,3,30,1,diurnal,batched,8,LC_LI,LC_LI,144,20672926,231.9017637603485
4,3,30,1,diurnal,batched,8,LC_LI,LC_LI,3,20672926,206.5519186498583
4,3,30,1,diurnal,batched,8,LC_LI,LC_LI,167,20672926,236.91312350795437
4,3,30,1,diurnal,batched,8,LC_LI,LC_LI,121,20672926,214.8778042713336
4,3,30,1,diurnal,batched,8,LC_LI,LC_LI,39,20672926,226.32662196846582
4,3,30,1,diurnal,batched,8,LC_LI,LC_LI,53,20672926,217.32535576913855
4,3,30,1,diurnal,batched,8,LC_LI,LC_LI,256,20672926,162.63124604555514
4,3,30,1,diurnal,batched,8,LC_LI,LC_LI,53,20672926,217.32535576913855
4,3,30,1,diurnal,batched,8,LC_LI,LC_LI,200,20672926,219.02385101613166
4,3,30,1,diurnal,batched,8,LC_LI,LC_LI,256,20672926,162.63124604555514
4,3,30,1,diurnal,batched,8,LC_LI,LC_LI,123,20672926,205.07248896793328
