config_id,model,size,sampled_favorable,sampled_q_max,sampled_q_min,sampled_H_up,sampled_M_Phi,sampled_GAP,exact_stored_q_max,exact_stored_q_min,exact_stored_H_up,exact_stored_M_Phi,exact_stored_GAP,exact_fit_favorable,exact_fit_H_up,exact_fit_M_Phi,exact_fit_GAP,exact_cov2_share,exact_cov3_share,exact_cov4_share
0,abstraction,8,LC_LI,HC_LI,LC_HI,0.03225806451612903,0.016129032258064516,0.04838709677419355,HC_LI,LC_HI,0.06504065040650407,0.0040650406504065045,0.06910569105691057,LC_LI,0.06504065040650407,0.0040650406504065045,0.06910569105691057,0.45454545454545453,0.2631578947368421,0.33333333333333337
0,abstraction,30,LC_LI,HC_HI,LC_LI,0.058530510585305104,0.0,0.058530510585305104,HC_HI,LC_LI,0.0625,0.0,0.0625,LC_LI,0.0625,0.0,0.0625,0.5172413793103448,0.5056179775280899,0.4464285714285714
0,batched,8,LC_LI,HC_HI,LC_HI,0.05621301775147929,0.0029585798816568047,0.0591715976331361,HC_LI,LC_HI,0.0696969696969697,0.02727272727272727,0.09696969696969697,LC_LI,0.0696969696969697,0.02727272727272727,0.09696969696969697,0.4736842105263158,0.4642857142857143,0.3513513513513513
0,batched,30,LC_LI,HC_HI,LC_LI,0.07272727272727272,0.0,0.07272727272727272,HC_HI,LC_LI,0.046232876712328765,0.0,0.046232876712328765,LC_LI,0.046232876712328765,0.0,0.046232876712328765,0.4888888888888888,0.47651006711409394,0.47674418604651164
1,abstraction,8,LC_LI,HC_LI,LC_HI,0.06578947368421052,0.013157894736842105,0.07894736842105263,HC_HI,LC_HI,0.06578947368421052,0.0,0.06578947368421052,LC_LI,0.06578947368421052,0.0,0.06578947368421052,0.8333333333333334,0.5,0.4761904761904762
1,abstraction,30,LC_LI,HC_LI,LC_LI,0.058577405857740586,0.0,0.058577405857740586,HC_LI,LC_LI,0.056485355648535567,0.0,0.056485355648535567,LC_LI,0.056485355648535567,0.0,0.056485355648535567,0.4666666666666667,0.4782608695652174,0.45762711864406785
1,batched,8,LC_HI,HC_LI,LC_HI,0.08653846153846154,0.0,0.08653846153846154,HC_LI,LC_HI,0.04807692307692308,0.0,0.04807692307692308,LC_HI,0.04807692307692308,0.0,0.04807692307692308,0.5,0.3448275862068966,0.26315789473684215
1,batched,30,LC_LI,HC_LI,LC_HI,0.03188405797101449,0.0014492753623188406,0.03333333333333333,HC_HI,LC_HI,0.054411764705882354,0.0,0.054411764705882354,LC_LI,0.054411764705882354,0.0,0.054411764705882354,0.5,0.49333333333333335,0.5052631578947369
2,abstraction,8,LC_HI,HC_HI,LC_LI,0.08333333333333333,0.08333333333333333,0.16666666666666666,HC_HI,LC_LI,0.046296296296296294,0.08333333333333333,0.12962962962962962,LC_LI,0.046296296296296294,0.0,0.046296296296296294,0.3333333333333333,0.5238095238095238,0.44
2,abstraction,30,LC_HI,HC_LI,LC_LI,0.06775067750677506,0.028455284552845527,0.09620596205962059,HC_HI,LC_LI,0.06008010680907877,0.014686248331108143,0.07476635514018691,LC_LI,0.06008010680907877,0.0,0.06008010680907877,0.4655172413793104,0.5189873417721519,0.5157894736842105
2,batched,8,LC_LI,HC_LI,LC_LI,0.06382978723404255,0.0,0.06382978723404255,HC_HI,LC_LI,0.1366906474820144,0.0,0.1366906474820144,LC_LI,0.1366906474820144,0.0,0.1366906474820144,0.3448275862068965,0.5,0.4042553191489362
2,batched,30,LC_LI,HC_LI,LC_LI,0.09571286141575275,0.0,0.09571286141575275,HC_HI,LC_LI,0.09262948207171315,0.0,0.09262948207171315,LC_LI,0.09262948207171315,0.0,0.09262948207171315,0.4032258064516129,0.49411764705882355,0.4626865671641791
3,abstraction,8,HC_HI,HC_LI,LC_HI,0.06578947368421052,0.18421052631578946,0.25,HC_LI,LC_HI,0.06578947368421052,0.18421052631578946,0.25,LC_HI,0.06578947368421052,0.0,0.06578947368421052,0.5,0.2631578947368421,0.3448275862068966
3,abstraction,30,LC_HI,HC_LI,LC_HI,0.01509433962264151,0.0,0.01509433962264151,HC_LI,LC_HI,0.030418250950570342,0.0,0.030418250950570342,LC_HI,0.030418250950570342,0.0,0.030418250950570342,0.5,0.36363636363636365,0.3793103448275862
3,batched,8,LC_HI,HC_LI,LC_HI,0.09,0.0,0.09,HC_LI,LC_HI,0.05,0.0,0.05,LC_HI,0.05,0.0,0.05,0.38461538461538464,0.3214285714285714,0.27272727272727276
3,batched,30,LC_HI,HC_LI,LC_HI,0.03818953323903819,0.0,0.03818953323903819,HC_LI,LC_HI,0.056657223796033995,0.0,0.056657223796033995,LC_HI,0.056657223796033995,0.0,0.056657223796033995,0.5,0.4411764705882353,0.43181818181818177
4,abstraction,8,LC_LI,LC_LI,LC_HI,0.02157849428744012,0.0844828758644798,0.10606137015191992,LC_LI,LC_HI,0.02642055169268046,0.07208571430635488,0.09850626599903534,LC_HI,0.02642055169268046,0.0,0.02642055169268046,0.48788526989736286,0.5326676202685428,0.4698372503494657
4,abstraction,30,HC_HI,LC_HI,HC_HI,0.017948390444746574,0.0,0.017948390444746574,LC_LI,HC_HI,0.004435364813740585,0.0,0.004435364813740585,HC_HI,0.004435364813740585,0.0,0.004435364813740585,0.667886736220337,0.43927759652336384,0.41487006640729485
4,batched,8,LC_LI,HC_LI,LC_HI,0.0229705471312794,0.04091407313940952,0.06388462027068892,HC_LI,LC_HI,0.024680008563690306,0.06092584599244859,0.0856058545561389,LC_HI,0.024680008563690306,0.0,0.024680008563690306,0.5222345722798243,0.569570249475331,0.5133377541342918
4,batched,30,HC_HI,LC_LI,HC_HI,0.02301770519189866,0.0,0.02301770519189866,LC_LI,HC_HI,0.02205479578358879,0.0,0.02205479578358879,HC_HI,0.02205479578358879,0.0,0.02205479578358879,0.4535719608248087,0.41887677894666575,0.4669119591638835
5,abstraction,8,HC_HI,HC_LI,LC_HI,0.05964035533371432,0.015875692877740884,0.0755160482114552,HC_LI,LC_HI,0.03990149786764608,0.050062478451024295,0.08996397631867037,LC_HI,0.03990149786764608,0.0,0.03990149786764608,0.47035068562433013,0.4326506419183477,0.4091205145047004
5,abstraction,30,HC_HI,LC_LI,HC_HI,0.023582954468328914,0.0,0.023582954468328914,LC_LI,HC_HI,0.013618229923960916,0.0,0.013618229923960916,LC_HI,0.013618229923960916,0.0073203594759692035,0.020938589399930117,0.5861188687333568,0.3508945758150243,0.5730209410677207
5,batched,8,HC_HI,HC_LI,LC_HI,0.05663968260912968,0.015420074965094312,0.07205975757422399,HC_LI,HC_HI,0.03112035605988699,0.0,0.03112035605988699,LC_HI,0.03112035605988699,0.001403875619609854,0.03252423167949684,0.4972127495311995,0.4342995991821609,0.33090758268592174
5,batched,30,LC_HI,HC_LI,HC_HI,0.015371709355367942,0.002830738343009974,0.018202447698377915,HC_LI,HC_HI,0.019717591672944713,0.003975517281566645,0.023693108954511356,LC_HI,0.019717591672944713,0.003975517281566645,0.023693108954511356,0.6458508334968301,0.5392053572633695,0.4833277078163194
6,abstraction,8,LC_LI,HC_HI,LC_LI,0.07758620689655173,0.0,0.07758620689655173,HC_HI,HC_LI,0.08189655172413793,0.0,0.08189655172413793,LC_LI,0.08189655172413793,0.0,0.08189655172413793,0.6,0.5833333333333333,0.40816326530612246
6,abstraction,30,LC_LI,HC_HI,LC_LI,0.0611353711790393,0.0,0.0611353711790393,HC_HI,LC_LI,0.053545586107091175,0.0,0.053545586107091175,LC_LI,0.053545586107091175,0.0,0.053545586107091175,0.5227272727272727,0.46874999999999994,0.48051948051948057
6,batched,8,LC_LI,HC_HI,LC_LI,0.015384615384615385,0.0,0.015384615384615385,HC_HI,LC_LI,0.015384615384615385,0.0,0.015384615384615385,LC_LI,0.015384615384615385,0.0,0.015384615384615385,0.09999999999999999,0.26315789473684215,0.36842105263157887
6,batched,30,LC_LI,HC_HI,LC_LI,0.05571992110453649,0.0,0.05571992110453649,HC_HI,LC_LI,0.038834951456310676,0.0,0.038834951456310676,LC_LI,0.038834951456310676,0.0,0.038834951456310676,0.5339805825242718,0.5135135135135135,0.5
7,abstraction,8,LC_LI,HC_LI,LC_HI,0.1262135922330097,0.0,0.1262135922330097,HC_HI,LC_HI,0.12745098039215685,0.0392156862745098,0.16666666666666666,LC_LI,0.12745098039215685,0.0392156862745098,0.16666666666666666,0.4736842105263158,0.5416666666666666,0.5384615384615385
7,abstraction,30,LC_HI,HC_HI,LC_HI,0.09145427286356822,0.0,0.09145427286356822,HC_LI,LC_HI,0.07401812688821752,0.0,0.07401812688821752,LC_LI,0.07401812688821752,0.02416918429003021,0.09818731117824772,0.5483870967741936,0.5454545454545455,0.5
7,batched,8,LC_LI,HC_LI,LC_HI,0.156794425087108,0.020905923344947737,0.17770034843205573,HC_LI,LC_HI,0.1597222222222222,0.041666666666666664,0.20138888888888887,LC_HI,0.1597222222222222,0.0,0.1597222222222222,0.48275862068965514,0.45454545454545453,0.48275862068965514
7,batched,30,LC_HI,HC_LI,LC_LI,0.0892156862745098,0.01764705882352941,0.10686274509803922,HC_LI,LC_LI,0.08171206225680934,0.019455252918287938,0.10116731517509728,LC_LI,0.08171206225680934,0.0,0.08171206225680934,0.4838709677419355,0.4431818181818181,0.4423963133640553
8,abstraction,8,LC_HI,HC_LI,LC_HI,0.04817840086887814,0.0,0.04817840086887814,HC_LI,LC_HI,0.029247214001844418,0.0,0.029247214001844418,LC_HI,0.029247214001844418,0.0,0.029247214001844418,0.4004742276741308,0.4976092665963365,0.5821722630261673
8,abstraction,30,LC_LI,HC_HI,LC_HI,0.028317420599121245,0.006638165034141793,0.03495558563326304,HC_LI,LC_LI,0.014473898256610404,0.0,0.014473898256610404,LC_HI,0.014473898256610404,0.002688936288546841,0.017162834545157244,0.49382168337724774,0.39876858848871055,0.4091267775567299
8,batched,8,LC_HI,HC_LI,LC_HI,0.002113591142747996,0.0,0.002113591142747996,HC_HI,LC_HI,0.02552594643183825,0.0,0.02552594643183825,LC_HI,0.02552594643183825,0.0,0.02552594643183825,0.5027887700399043,0.2791800884329586,0.3812003834624542
8,batched,30,LC_HI,HC_LI,LC_LI,0.04405377602823421,0.023665988180975338,0.06771976420920955,HC_LI,LC_LI,0.02087882320897941,0.01636134954868798,0.03724017275766739,LC_HI,0.02087882320897941,0.01636134954868798,0.03724017275766739,0.5900369802375658,0.49582493478680606,0.39451332591595156
9,abstraction,8,HC_LI,LC_LI,HC_HI,0.046227381604667675,0.046331812050817996,0.09255919365548568,LC_LI,HC_HI,0.03620323106496798,0.04935889273943718,0.08556212380440516,LC_HI,0.03620323106496798,0.007036333113953709,0.043239564178921684,0.5295058629181524,0.4131179509788453,0.5555838212999032
9,abstraction,30,LC_HI,HC_LI,LC_HI,0.01694281500299412,0.0,0.01694281500299412,HC_LI,LC_HI,0.010689153536418146,0.0,0.010689153536418146,LC_HI,0.010689153536418146,0.0,0.010689153536418146,0.492513746460826,0.4332239070936315,0.32298471085987646
9,batched,8,LC_HI,HC_LI,LC_HI,0.02999452910160327,0.0,0.02999452910160327,HC_LI,LC_HI,0.033196857890929354,0.0,0.033196857890929354,LC_HI,0.033196857890929354,0.0,0.033196857890929354,0.3429493394792386,0.2320065212093775,0.35662556668468265
9,batched,30,LC_HI,HC_LI,LC_HI,0.015173159761427303,0.0,0.015173159761427303,HC_LI,LC_HI,0.024542071338814288,0.0,0.024542071338814288,LC_LI,0.024542071338814288,0.00735197463614859,0.03189404597496288,0.44370012411704457,0.5155173902601009,0.3492277627973856
10,abstraction,8,LC_LI,LC_LI,LC_HI,0.002257336343115124,0.07223476297968397,0.07449209932279909,HC_LI,LC_HI,0.009259259259259259,0.04861111111111111,0.05787037037037037,LC_HI,0.009259259259259259,0.0,0.009259259259259259,0.38461538461538464,0.39999999999999997,0.423076923076923
10,abstraction,30,LC_LI,HC_HI,LC_HI,0.0025575447570332483,0.0019181585677749361,0.004475703324808185,HC_LI,LC_HI,0.002560819462227913,0.009603072983354673,0.012163892445582586,LC_LI,0.002560819462227913,0.009603072983354673,0.012163892445582586,0.5,0.4,0.5555555555555555
10,batched,8,LC_HI,LC_LI,LC_HI,0.04713804713804714,0.0,0.04713804713804714,HC_HI,LC_HI,0.020338983050847456,0.0,0.020338983050847456,LC_HI,0.020338983050847456,0.0,0.020338983050847456,0.43749999999999994,0.25,0.375
10,batched,30,LC_HI,HC_HI,LC_HI,0.008632439800090867,0.0,0.008632439800090867,HC_HI,LC_HI,0.003618272274988693,0.0,0.003618272274988693,LC_HI,0.003618272274988693,0.0,0.003618272274988693,0.576923076923077,0.375,0.6142857142857143
11,abstraction,8,LC_HI,HC_HI,HC_LI,0.03333333333333333,0.0,0.03333333333333333,HC_HI,LC_LI,0.037037037037037035,0.03333333333333333,0.07037037037037036,LC_LI,0.037037037037037035,0.0,0.037037037037037035,0.5,0.4444444444444445,0.4545454545454545
11,abstraction,30,LC_LI,HC_HI,LC_LI,0.024017467248908297,0.0,0.024017467248908297,LC_HI,LC_LI,0.03076923076923077,0.0,0.03076923076923077,HC_LI,0.03076923076923077,0.004395604395604396,0.035164835164835165,0.6363636363636364,0.619047619047619,0.5384615384615384
11,batched,8,LC_HI,HC_HI,LC_LI,0.047979797979797977,0.030303030303030304,0.07828282828282829,HC_HI,LC_LI,0.05612244897959184,0.025510204081632654,0.0816326530612245,LC_LI,0.05612244897959184,0.0,0.05612244897959184,0.4666666666666666,0.3928571428571429,0.3793103448275862
11,batched,30,HC_HI,HC_HI,LC_LI,0.03127272727272727,0.04509090909090909,0.07636363636363636,HC_HI,HC_LI,0.027496382054992764,0.03473227206946455,0.062228654124457314,LC_LI,0.027496382054992764,0.001447178002894356,0.02894356005788712,0.65,0.6545454545454545,0.5974025974025974
12,abstraction,8,LC_HI,HC_LI,LC_LI,0.03947994355049158,0.02761602868169154,0.06709597223218312,HC_HI,LC_LI,0.023032468586897625,0.012103400064501257,0.03513586865139888,LC_HI,0.023032468586897625,0.012103400064501257,0.03513586865139888,0.43042829401576654,0.4991451165909328,0.488648878833586
12,abstraction,30,LC_LI,HC_LI,LC_HI,0.0008169640141103083,0.023991560403413853,0.02480852441752416,HC_HI,LC_HI,0.022811462479980293,0.014906565100442632,0.037718027580422926,LC_LI,0.022811462479980293,0.014906565100442632,0.037718027580422926,0.5932484482036549,0.49335200114786903,0.4492000698868315
12,batched,8,HC_LI,HC_LI,LC_HI,0.02835549041955995,0.05871818415678039,0.08707367457634034,HC_HI,LC_HI,0.020624364416196028,0.04596481511417763,0.06658917953037366,LC_HI,0.020624364416196028,0.0,0.020624364416196028,0.455167738901478,0.39600193129632877,0.40425893392008966
12,batched,30,LC_LI,HC_LI,LC_HI,0.008649226343759918,0.011866122531070365,0.02051534887483028,HC_LI,LC_HI,0.014513671808752751,0.012230123962566859,0.02674379577131961,LC_HI,0.014513671808752751,0.0,0.014513671808752751,0.4675131495430208,0.4495627470766416,0.5005356439381087
13,abstraction,8,LC_HI,HC_HI,LC_LI,0.0468318896448364,0.020349191187843535,0.06718108083267993,HC_HI,LC_LI,0.026215682328766025,0.02894177176343426,0.055157454092200284,LC_LI,0.026215682328766025,0.0,0.026215682328766025,0.46235449978906595,0.43695565854097823,0.45167805751281503
13,abstraction,30,LC_HI,HC_HI,LC_HI,0.04268616731575753,0.0,0.04268616731575753,HC_HI,LC_HI,0.02752931920903965,0.0,0.02752931920903965,LC_LI,0.02752931920903965,0.001814074848671926,0.029343394057711577,0.4993126639840975,0.5234495647924459,0.5927661007877222
13,batched,8,LC_HI,HC_HI,LC_LI,0.021033570036226214,0.00680549445524586,0.027839064491472075,HC_HI,LC_HI,0.04549203819018315,0.0,0.04549203819018315,LC_LI,0.04549203819018315,0.008789133007190359,0.05428117119737351,0.6219421791804087,0.5449302981123042,0.5419594389220508
13,batched,30,HC_LI,HC_LI,LC_HI,0.02463966078944133,0.03682055284353306,0.061460213632974395,HC_HI,LC_HI,0.02348500536068574,0.0345894919451704,0.05807449730585614,LC_LI,0.02348500536068574,0.0022288039691845613,0.025713809329870302,0.5606503457489703,0.46229179070337656,0.43604071486652507
14,abstraction,8,LC_LI,HC_LI,HC_HI,0.011695906432748537,0.06140350877192982,0.07309941520467836,HC_LI,HC_HI,0.017595307917888565,0.045454545454545456,0.06304985337243402,LC_HI,0.017595307917888565,0.001466275659824047,0.01906158357771261,1.0,0.5238095238095238,0.6
14,abstraction,30,LC_LI,LC_LI,HC_HI,0.024401064773735583,0.03149955634427684,0.055900621118012424,HC_LI,LC_HI,0.029955947136563875,0.03524229074889868,0.06519823788546256,LC_HI,0.029955947136563875,0.0,0.029955947136563875,0.6086956521739131,0.5405405405405406,0.6428571428571429
14,batched,8,LC_LI,LC_LI,LC_HI,-0.0021231422505307855,0.058386411889596604,0.05626326963906582,LC_LI,LC_HI,0.01293103448275862,0.03879310344827586,0.05172413793103448,LC_HI,0.01293103448275862,0.0,0.01293103448275862,0.3157894736842105,0.4716981132075472,0.5172413793103449
14,batched,30,LC_HI,LC_LI,LC_HI,0.01723076923076923,0.0,0.01723076923076923,LC_LI,HC_HI,0.007951070336391437,0.004892966360856269,0.012844036697247705,LC_HI,0.007951070336391437,0.004892966360856269,0.012844036697247705,0.625,0.5555555555555556,0.4109589041095891
15,abstraction,8,LC_HI,HC_LI,HC_HI,0.02564102564102564,0.007692307692307693,0.03333333333333333,HC_LI,LC_HI,0.005025125628140704,0.0,0.005025125628140704,LC_HI,0.005025125628140704,0.0,0.005025125628140704,0.19999999999999998,0.5384615384615384,0.5405405405405406
15,abstraction,30,LC_HI,HC_LI,LC_HI,0.02365930599369085,0.0,0.02365930599369085,HC_LI,LC_HI,0.0315955766192733,0.0,0.0315955766192733,LC_HI,0.0315955766192733,0.0,0.0315955766192733,0.5,0.4827586206896552,0.5294117647058824
15,batched,8,LC_HI,HC_LI,LC_HI,0.0781758957654723,0.0,0.0781758957654723,HC_LI,LC_HI,0.06514657980456026,0.0,0.06514657980456026,LC_HI,0.06514657980456026,0.0,0.06514657980456026,0.48275862068965514,0.5,0.5
15,batched,30,LC_LI,HC_LI,LC_HI,0.0482560917343526,0.017200191113234592,0.0654562828475872,HC_LI,LC_HI,0.03533906399235912,0.017191977077363897,0.05253104106972302,LC_HI,0.03533906399235912,0.0,0.03533906399235912,0.537313432835821,0.4915254237288136,0.49253731343283585
16,abstraction,8,LC_LI,LC_HI,HC_LI,0.10477453580901856,0.038461538461538464,0.143236074270557,LC_HI,HC_LI,0.10643889618922471,0.003942181340341655,0.11038107752956637,HC_LI,0.10643889618922471,0.0,0.10643889618922471,0.3620689655172414,0.61,0.50625
16,abstraction,30,HC_LI,LC_HI,HC_LI,0.06632837984777093,0.0,0.06632837984777093,LC_HI,HC_LI,0.07039187227866474,0.0,0.07039187227866474,HC_LI,0.07039187227866474,0.0,0.07039187227866474,0.48717948717948717,0.688,0.5914634146341464
16,batched,8,LC_LI,LC_HI,LC_LI,0.053304904051172705,0.0,0.053304904051172705,LC_HI,LC_LI,0.05106382978723404,0.0,0.05106382978723404,HC_LI,0.05106382978723404,0.002127659574468085,0.05319148936170213,0.3125,0.35294117647058826,0.3404255319148936
16,batched,30,HC_LI,LC_HI,LC_LI,0.0380818053596615,0.005641748942172073,0.04372355430183357,LC_HI,LC_LI,0.029994340690435765,0.012733446519524618,0.042727787209960386,HC_LI,0.029994340690435765,0.012733446519524618,0.042727787209960386,0.4210526315789474,0.6125,0.49532710280373826
17,abstraction,8,LC_HI,HC_HI,LC_HI,-0.004366812227074236,0.0,-0.004366812227074236,HC_HI,LC_HI,0.02412280701754386,0.0,0.02412280701754386,LC_HI,0.02412280701754386,0.0,0.02412280701754386,0.3333333333333333,0.25,0.3793103448275862
17,abstraction,30,HC_HI,LC_LI,LC_HI,0.027061044682190057,0.022655758338577723,0.04971680302076778,LC_LI,LC_HI,0.0379746835443038,0.010126582278481013,0.04810126582278481,HC_HI,0.0379746835443038,0.010126582278481013,0.04810126582278481,0.7441860465116279,0.6933333333333334,0.6363636363636364
17,batched,8,LC_HI,HC_LI,LC_HI,0.027818448023426062,0.0,0.027818448023426062,LC_LI,LC_HI,0.029239766081871343,0.0,0.029239766081871343,LC_HI,0.029239766081871343,0.0,0.029239766081871343,0.4444444444444444,0.5625,0.475
17,batched,30,HC_HI,LC_LI,LC_HI,0.0216,0.0404,0.062,LC_LI,LC_HI,0.009607686148919135,0.023618895116092876,0.03322658126501201,HC_HI,0.009607686148919135,0.023618895116092876,0.03322658126501201,0.47916666666666674,0.4666666666666667,0.41379310344827586
