wave_id,size,cross_floor,C,I,T,makespan
0,3,3,1.0114042647073516,0.3333333333333333,0.0,65.0
1,3,1,0.45056120886630463,1.0,0.0,76.0
2,7,5,1.0346012329101812,0.2,0.0,169.0
3,7,6,1.060944240790747,0.6666666666666666,0.0,170.0
4,3,3,1.0986122886681096,1.0,0.0,71.0
5,8,5,0.9840865030829147,0.2,0.0,164.0
6,6,6,1.0775563270668007,0.0,0.0,174.0
7,3,2,1.0114042647073516,0.0,0.0,66.0
8,4,2,0.9743147528693494,1.0,0.0,85.0
9,5,3,1.0549201679861442,1.0,0.0,109.0
10,6,3,0.7214636866925115,1.0,0.0,122.0
11,6,3,0.7214636866925115,1.0,0.0,118.0
12,7,4,1.0789922078775833,0.5,0.0,166.0
13,3,1,1.0114042647073518,1.0,0.0,62.0
14,4,3,0.9002560512685369,0.3333333333333333,0.0,94.0
15,8,5,1.0239287996389363,0.6,0.0,145.0
16,3,2,1.0114042647073516,1.0,0.0,66.0
17,8,3,0.9002560512685369,0.3333333333333333,0.0,136.0
18,7,4,0.8921178708188162,0.5,0.0,141.0
19,4,4,1.0821955300387673,0.5,0.0,104.0
20,3,2,1.0114042647073518,1.0,0.0,76.0
21,7,5,1.0346012329101812,1.0,0.0,165.0
22,8,5,0.9840865030829147,0.2,0.0,169.0
23,3,3,1.0114042647073516,0.3333333333333333,0.0,94.0
24,6,4,1.0281838593329258,0.5,0.0,132.0
25,7,6,1.060944240790747,0.0,0.0,204.0
26,8,5,1.0821955300387671,0.2,0.0,180.0
27,4,4,1.0821955300387671,0.5,0.0,104.0
28,3,2,1.0114042647073518,1.0,0.0,62.0
29,3,2,0.6365141682948128,1.0,0.0,85.0
30,4,3,0.9002560512685369,0.3333333333333333,0.0,104.0
31,7,6,1.0346012329101812,1.0,0.0,169.0
32,5,3,1.0296530140645737,0.3333333333333333,0.0,104.0
33,6,2,0.9596147939120492,0.0,0.0,99.0
34,7,6,1.034601232910181,0.3333333333333333,0.0,136.0
35,8,7,1.094780226007948,0.14285714285714285,0.0,193.0
36,6,4,0.8675632284814612,0.5,0.0,127.0
37,3,1,1.0114042647073518,1.0,0.0,57.0
38,3,3,0.6931471805599453,0.3333333333333333,0.0,94.0
39,8,5,0.9840865030829147,0.6,0.0,150.0
40,5,4,1.0296530140645737,0.0,0.0,118.0
41,6,6,1.0775563270668007,0.3333333333333333,0.0,155.0
42,7,4,1.0346012329101812,0.0,0.0,165.0
43,8,4,0.7774621319109288,0.0,0.0,131.0
44,3,2,0.6365141682948128,0.0,0.0,80.0
45,3,1,1.0114042647073518,1.0,0.0,72.0
46,8,5,0.7774621319109288,1.0,0.0,130.0
47,4,3,1.0821955300387673,1.0,0.0,85.0
48,4,2,1.0821955300387671,0.0,0.0,95.0
49,5,2,0.9433483923290393,0.0,0.0,123.0
50,5,4,1.0888999753452238,0.5,0.0,133.0
51,6,5,1.0775563270668007,0.2,0.0,127.0
52,6,4,1.0397207708399179,1.0,0.0,142.0
53,3,0,0.6365141682948128,0.0,0.0,62.0
54,3,2,0.8675632284814612,1.0,0.0,76.0
55,8,7,1.0717300941124526,0.14285714285714285,0.0,173.0
56,4,3,0.9002560512685369,1.0,0.0,75.0
57,7,4,0.8921178708188162,1.0,0.0,122.0
58,8,5,1.0397207708399179,0.6,0.0,155.0
59,3,3,1.0986122886681096,1.0,0.0,71.0
60,6,5,1.0397207708399179,0.2,0.0,136.0
61,8,7,1.094780226007948,0.42857142857142855,0.0,241.0
62,7,6,1.060944240790747,0.0,0.0,217.0
63,3,2,1.0114042647073518,0.0,0.0,76.0
64,5,4,1.0888999753452238,0.0,0.0,118.0
65,3,3,1.0114042647073518,0.3333333333333333,0.0,61.0
66,7,5,1.060944240790747,0.6,0.0,164.0
67,8,4,0.8305236914828464,0.0,0.0,183.0
68,7,6,1.0933747175566466,0.6666666666666666,0.0,151.0
69,8,6,0.9743147528693494,0.3333333333333333,0.0,179.0
70,6,3,1.0281838593329258,0.3333333333333333,0.0,113.0
71,8,7,1.0397207708399179,0.14285714285714285,0.0,216.0
72,3,1,0.45056120886630463,1.0,0.0,56.0
73,7,5,1.060944240790747,0.2,0.0,179.0
74,3,3,1.0114042647073516,1.0,0.0,61.0
75,7,7,1.0789922078775833,0.14285714285714285,0.0,212.0
76,5,2,1.0296530140645737,0.0,0.0,99.0
77,4,2,0.9002560512685369,0.0,0.0,80.0
78,3,2,0.8675632284814612,0.0,0.0,66.0
79,7,4,1.034601232910181,1.0,0.0,141.0
80,3,2,1.0114042647073516,1.0,0.0,62.0
81,6,6,1.0775563270668007,0.3333333333333333,0.0,141.0
82,3,2,1.0114042647073516,0.0,0.0,85.0
83,3,2,0.6365141682948128,1.0,0.0,85.0
84,7,6,1.0789922078775833,0.3333333333333333,0.0,160.0
85,5,5,1.0296530140645737,0.6,0.0,122.0
86,4,2,0.9743147528693494,0.0,0.0,85.0
87,7,3,1.0042424730540764,0.3333333333333333,0.0,146.0
88,7,6,1.060944240790747,0.6666666666666666,0.0,178.0
89,8,5,1.0239287996389363,0.6,0.0,174.0
90,4,4,1.0821955300387673,0.0,0.0,113.0
91,6,4,1.0114042647073518,1.0,0.0,137.0
92,6,6,0.9184277849930976,0.0,0.0,169.0
93,5,3,1.0296530140645737,0.3333333333333333,0.0,104.0
94,8,4,0.9214934308679616,0.5,0.0,122.0
95,7,4,0.9556998911125343,0.5,0.0,136.0
96,4,4,0.9743147528693494,1.0,0.0,80.0
97,8,6,1.0397207708399179,0.3333333333333333,0.0,197.0
98,8,6,0.8647400965276372,0.0,0.0,201.0
99,4,2,0.9002560512685369,0.0,0.0,89.0
100,3,2,0.6365141682948128,1.0,0.0,85.0
101,6,4,0.887694275799104,0.5,0.0,165.0
102,4,4,1.0397207708399179,0.0,0.0,99.0
103,5,3,1.0888999753452238,0.3333333333333333,0.0,99.0
104,3,2,1.0986122886681096,1.0,0.0,57.0
105,8,7,0.8647400965276372,0.7142857142857143,0.0,187.0
106,4,2,0.9743147528693494,1.0,0.0,85.0
107,4,2,1.0397207708399179,0.0,0.0,80.0
108,8,7,0.9743147528693494,0.7142857142857143,0.0,221.0
109,6,3,0.9596147939120492,0.3333333333333333,0.0,103.0
110,5,5,1.0888999753452238,0.6,0.0,123.0
111,5,3,0.6108643020548935,0.3333333333333333,0.0,127.0
112,5,3,1.0888999753452238,0.3333333333333333,0.0,113.0
113,6,4,1.077556327066801,0.0,0.0,146.0
114,6,4,1.0397207708399179,0.0,0.0,145.0
115,4,2,0.6931471805599453,0.0,0.0,99.0
116,5,4,1.0296530140645737,0.5,0.0,132.0
117,4,4,1.0397207708399179,0.5,0.0,90.0
118,8,8,1.094780226007948,0.25,0.0,183.0
119,6,4,1.0281838593329258,0.5,0.0,123.0
120,5,3,0.8979457248567797,1.0,0.0,80.0
121,5,4,1.0296530140645737,1.0,0.0,104.0
122,7,4,1.0933747175566468,0.0,0.0,155.0
123,6,3,0.9184277849930976,0.3333333333333333,0.0,128.0
124,7,6,1.034601232910181,0.0,0.0,169.0
125,6,4,1.0775563270668007,0.0,0.0,137.0
126,5,5,1.0296530140645737,0.6,0.0,117.0
127,6,4,0.8239592165010823,0.0,0.0,155.0
128,3,1,0.6931471805599453,1.0,0.0,71.0
129,8,6,1.0821955300387673,0.6666666666666666,0.0,165.0
130,7,5,0.8760057656431737,1.0,0.0,184.0
131,4,2,0.5623351446188083,1.0,0.0,56.0
132,4,2,1.0821955300387671,0.0,0.0,90.0
133,7,6,1.0789922078775833,0.0,0.0,193.0
134,8,7,0.8815322611881637,1.0,0.0,149.0
135,6,4,1.077556327066801,0.5,0.0,141.0
136,6,5,1.0281838593329258,0.2,0.0,141.0
137,7,5,1.0042424730540764,0.2,0.0,169.0
138,6,5,1.0397207708399179,1.0,0.0,141.0
139,6,4,1.0397207708399179,0.5,0.0,123.0
140,5,4,1.0296530140645737,0.0,0.0,132.0
141,3,3,1.0986122886681096,0.3333333333333333,0.0,80.0
142,7,4,0.7589367727620596,0.5,0.0,117.0
143,7,5,1.034601232910181,0.6,0.0,164.0
144,5,3,0.9433483923290392,0.3333333333333333,0.0,132.0
145,4,2,1.0821955300387671,1.0,0.0,76.0
146,7,4,0.9556998911125343,1.0,0.0,145.0
147,6,4,1.077556327066801,0.5,0.0,141.0
148,7,2,0.8304717124362917,1.0,0.0,114.0
149,4,2,0.9743147528693494,1.0,0.0,85.0
150,5,3,0.6108643020548935,1.0,0.0,122.0
151,8,4,0.9470571522825083,0.0,0.0,150.0
152,4,4,1.0397207708399179,1.0,0.0,94.0
153,3,2,1.0114042647073516,1.0,0.0,71.0
154,3,3,1.0114042647073518,0.3333333333333333,0.0,95.0
155,4,2,0.9002560512685369,1.0,0.0,76.0
156,5,4,1.0888999753452238,0.0,0.0,123.0
157,4,4,1.0821955300387673,0.5,0.0,94.0
158,7,4,0.9556998911125343,0.5,0.0,131.0
159,7,7,1.0789922078775833,0.14285714285714285,0.0,208.0
160,4,2,0.7356219397587946,0.0,0.0,80.0
161,3,3,1.0114042647073516,0.3333333333333333,0.0,75.0
162,7,4,1.060944240790747,0.5,0.0,165.0
163,4,2,0.9743147528693494,1.0,0.0,85.0
164,3,2,1.0114042647073518,0.0,0.0,66.0
165,4,1,0.9002560512685369,1.0,0.0,71.0
166,5,3,1.0296530140645737,1.0,0.0,142.0
167,6,3,0.9184277849930977,0.3333333333333333,0.0,128.0
168,8,5,0.9470571522825082,0.2,0.0,178.0
169,3,2,0.6365141682948128,1.0,0.0,75.0
170,8,6,0.9840865030829147,0.6666666666666666,0.0,140.0
171,6,3,1.0397207708399179,0.3333333333333333,0.0,122.0
172,8,6,0.9743147528693494,0.3333333333333333,0.0,213.0
173,3,2,1.0114042647073516,1.0,0.0,47.0
174,5,4,0.9502705392332347,1.0,0.0,108.0
175,4,2,0.9743147528693494,1.0,0.0,90.0
176,6,5,0.9596147939120492,0.6,0.0,160.0
177,7,5,1.0933747175566468,0.6,0.0,146.0
178,5,4,0.9502705392332347,1.0,0.0,108.0
179,5,5,1.0296530140645737,0.2,0.0,127.0
180,6,5,0.9596147939120492,0.6,0.0,136.0
181,6,4,0.8239592165010823,0.5,0.0,117.0
182,4,3,0.9002560512685369,1.0,0.0,75.0
183,4,2,1.0821955300387673,1.0,0.0,76.0
184,3,2,1.0114042647073518,0.0,0.0,85.0
185,7,6,0.9922819748525737,0.0,0.0,149.0
186,6,3,1.0114042647073516,0.3333333333333333,0.0,113.0
187,6,4,1.0397207708399179,0.5,0.0,142.0
188,6,3,1.0281838593329258,0.3333333333333333,0.0,147.0
189,3,1,0.45056120886630463,1.0,0.0,52.0
190,6,3,0.8239592165010823,0.3333333333333333,0.0,103.0
191,3,3,1.0986122886681096,1.0,0.0,71.0
192,4,2,0.9002560512685369,0.0,0.0,95.0
193,5,3,1.0296530140645737,0.3333333333333333,0.0,138.0
194,7,7,1.0789922078775833,0.7142857142857143,0.0,179.0
195,7,5,0.9556998911125343,0.6,0.0,150.0
196,6,3,1.0114042647073516,0.3333333333333333,0.0,137.0
197,6,3,1.0114042647073518,0.3333333333333333,0.0,109.0
198,4,4,1.0821955300387671,0.5,0.0,104.0
199,3,3,1.0114042647073516,0.3333333333333333,0.0,95.0
200,3,1,0.45056120886630463,1.0,0.0,56.0
201,8,5,1.0239287996389363,0.6,0.0,145.0
202,5,3,1.0549201679861442,1.0,0.0,109.0
203,8,4,0.6931471805599453,0.0,0.0,165.0
204,5,4,1.0549201679861442,0.5,0.0,142.0
205,3,3,0.6931471805599453,0.3333333333333333,0.0,94.0
206,3,2,1.0114042647073516,0.0,0.0,66.0
207,3,1,1.0114042647073516,1.0,0.0,76.0
208,7,4,1.060944240790747,0.5,0.0,146.0
209,6,3,0.6791932659915256,0.3333333333333333,0.0,137.0
210,6,5,1.0397207708399179,0.2,0.0,152.0
211,6,5,1.077556327066801,0.6,0.0,146.0
212,4,1,0.9743147528693494,1.0,0.0,90.0
213,7,5,1.034601232910181,0.2,0.0,160.0
214,6,5,1.0114042647073516,0.2,0.0,175.0
215,4,2,1.0397207708399179,1.0,0.0,76.0
216,4,1,0.6615632381579821,1.0,0.0,90.0
217,4,4,1.0821955300387673,0.0,0.0,113.0
218,6,4,0.8239592165010823,1.0,0.0,79.0
219,8,7,1.0239287996389363,0.42857142857142855,0.0,183.0
220,3,3,1.0114042647073518,0.3333333333333333,0.0,61.0
221,3,2,0.8675632284814612,1.0,0.0,81.0
222,3,0,0.6365141682948128,0.0,0.0,62.0
223,5,5,1.0888999753452238,0.2,0.0,127.0
224,8,5,1.094780226007948,0.2,0.0,179.0
225,7,4,1.034601232910181,0.5,0.0,146.0
226,7,6,0.9556998911125343,0.6666666666666666,0.0,154.0
227,7,7,1.0789922078775833,0.42857142857142855,0.0,174.0
228,7,6,1.0346012329101812,0.6666666666666666,0.0,178.0
229,7,6,1.060944240790747,0.3333333333333333,0.0,184.0
230,6,4,1.0397207708399179,0.0,0.0,148.0
231,5,4,1.0888999753452238,0.0,0.0,147.0
232,5,4,1.0888999753452238,0.0,0.0,127.0
233,7,3,0.8304717124362917,0.3333333333333333,0.0,112.0
234,6,3,1.077556327066801,0.3333333333333333,0.0,128.0
235,3,1,1.0114042647073516,1.0,0.0,52.0
236,7,3,0.8304717124362917,0.3333333333333333,0.0,126.0
237,5,2,0.8018185525433372,0.0,0.0,94.0
238,5,3,0.8018185525433373,0.3333333333333333,0.0,143.0
239,7,6,1.0042424730540764,0.6666666666666666,0.0,197.0
240,6,5,1.0114042647073516,1.0,0.0,94.0
241,6,5,1.0114042647073518,0.2,0.0,175.0
242,7,4,1.034601232910181,0.5,0.0,165.0
243,8,5,0.9832739442463889,0.6,0.0,160.0
244,5,3,0.8018185525433372,1.0,0.0,108.0
245,4,3,0.9743147528693494,0.3333333333333333,0.0,85.0
246,7,3,0.8760057656431737,1.0,0.0,175.0
247,6,4,1.0397207708399179,0.5,0.0,118.0
248,4,2,0.9002560512685369,0.0,0.0,99.0
249,6,5,1.077556327066801,0.2,0.0,155.0
250,3,2,0.8675632284814612,1.0,0.0,61.0
251,3,1,0.45056120886630463,1.0,0.0,42.0
252,6,5,1.0281838593329258,1.0,0.0,160.0
253,6,5,1.077556327066801,0.2,0.0,136.0
254,5,5,1.0888999753452238,0.6,0.0,128.0
255,3,3,1.0114042647073516,1.0,0.0,75.0
256,4,1,0.6615632381579821,1.0,0.0,90.0
257,5,5,1.0549201679861442,0.6,0.0,141.0
258,4,3,1.0397207708399179,0.3333333333333333,0.0,100.0
259,3,2,0.6365141682948128,0.0,0.0,75.0
260,6,5,1.0114042647073516,1.0,0.0,117.0
261,6,3,0.887694275799104,0.3333333333333333,0.0,128.0
262,6,6,1.0775563270668007,0.3333333333333333,0.0,175.0
263,6,4,0.9596147939120492,1.0,0.0,151.0
264,4,4,1.0821955300387673,0.0,0.0,118.0
265,3,2,1.0114042647073518,1.0,0.0,66.0
266,7,6,1.060944240790747,0.0,0.0,184.0
267,8,6,0.9832739442463889,0.6666666666666666,0.0,226.0
268,7,6,1.0789922078775833,0.0,0.0,170.0
269,8,7,1.0397207708399179,0.14285714285714285,0.0,217.0
270,7,7,1.060944240790747,0.14285714285714285,0.0,171.0
271,5,2,0.8018185525433372,1.0,0.0,113.0
272,7,7,1.0789922078775833,0.42857142857142855,0.0,175.0
273,5,3,1.0296530140645737,1.0,0.0,114.0
274,4,3,1.0397207708399179,0.3333333333333333,0.0,108.0
275,8,7,1.0717300941124526,0.42857142857142855,0.0,169.0
276,7,4,1.034601232910181,0.5,0.0,132.0
277,6,5,0.9596147939120492,0.2,0.0,145.0
278,5,4,1.0549201679861442,0.5,0.0,132.0
279,6,6,1.0775563270668007,0.3333333333333333,0.0,151.0
280,3,1,0.6931471805599453,1.0,0.0,71.0
281,7,5,0.9799711820833054,0.2,0.0,141.0
282,5,2,0.6730116670092565,1.0,0.0,123.0
283,5,3,0.9433483923290392,0.3333333333333333,0.0,123.0
284,4,3,0.6615632381579821,0.3333333333333333,0.0,113.0
285,7,6,1.0346012329101812,0.6666666666666666,0.0,155.0
286,8,7,1.0433534269422904,0.14285714285714285,0.0,174.0
287,8,6,1.0433534269422904,0.3333333333333333,0.0,222.0
288,3,3,1.0986122886681096,1.0,0.0,71.0
289,7,5,1.060944240790747,0.2,0.0,170.0
290,7,6,1.060944240790747,0.3333333333333333,0.0,165.0
291,5,4,1.0296530140645737,0.5,0.0,128.0
292,4,2,0.5623351446188083,0.0,0.0,94.0
293,3,3,1.0114042647073516,0.3333333333333333,0.0,81.0
294,6,5,1.0775563270668007,1.0,0.0,156.0
295,5,4,1.0296530140645737,0.5,0.0,113.0
296,4,4,0.9743147528693494,0.5,0.0,100.0
297,7,4,0.8921178708188162,0.5,0.0,126.0
298,3,1,1.0114042647073518,1.0,0.0,57.0
299,6,4,0.9184277849930976,0.5,0.0,160.0
300,5,4,1.0296530140645737,1.0,0.0,109.0
301,4,3,1.0397207708399179,0.3333333333333333,0.0,89.0
302,5,3,0.8018185525433373,1.0,0.0,113.0
303,4,3,0.9743147528693494,1.0,0.0,104.0
304,4,2,0.9002560512685369,0.0,0.0,80.0
305,5,4,0.9433483923290391,1.0,0.0,85.0
306,8,3,0.8815322611881637,0.3333333333333333,0.0,146.0
307,3,3,0.6931471805599453,0.3333333333333333,0.0,94.0
308,4,3,0.6615632381579821,0.3333333333333333,0.0,118.0
309,3,1,0.6931471805599453,1.0,0.0,71.0
310,4,3,1.0821955300387671,0.3333333333333333,0.0,99.0
311,3,3,1.0114042647073516,0.3333333333333333,0.0,80.0
312,5,2,0.9433483923290393,1.0,0.0,119.0
313,3,2,0.8675632284814612,0.0,0.0,61.0
314,5,4,1.0296530140645737,0.5,0.0,137.0
315,5,4,0.8979457248567797,0.0,0.0,122.0
316,3,3,0.6931471805599453,0.3333333333333333,0.0,99.0
317,6,2,0.6931471805599453,1.0,0.0,137.0
318,3,2,0.6365141682948128,0.0,0.0,61.0
319,3,3,1.0114042647073516,0.3333333333333333,0.0,94.0
320,3,2,1.0114042647073518,1.0,0.0,57.0
321,6,4,1.0775563270668007,0.0,0.0,136.0
322,3,3,1.0114042647073516,1.0,0.0,80.0
323,7,4,0.9922819748525739,0.5,0.0,155.0
324,8,4,0.9470571522825082,0.5,0.0,174.0
325,8,5,0.7774621319109287,1.0,0.0,145.0
326,8,6,1.0821955300387673,0.3333333333333333,0.0,208.0
327,8,5,0.9840865030829147,0.6,0.0,145.0
328,8,6,0.9470571522825082,0.6666666666666666,0.0,188.0
329,6,3,0.9596147939120492,1.0,0.0,147.0
330,8,7,1.0717300941124526,0.14285714285714285,0.0,155.0
331,6,3,0.887694275799104,1.0,0.0,137.0
332,7,5,0.9922819748525737,0.6,0.0,198.0
333,6,3,0.8239592165010823,0.3333333333333333,0.0,117.0
334,5,2,0.9433483923290391,0.0,0.0,123.0
335,7,3,0.9799711820833054,0.3333333333333333,0.0,108.0
336,8,4,0.9470571522825083,0.0,0.0,193.0
337,4,4,0.9743147528693494,0.0,0.0,118.0
338,6,3,0.9596147939120492,1.0,0.0,161.0
339,7,6,0.9556998911125343,0.0,0.0,180.0
340,5,4,0.9433483923290391,0.5,0.0,132.0
341,6,3,0.7214636866925115,0.3333333333333333,0.0,136.0
342,7,6,1.0933747175566468,0.0,0.0,160.0
343,8,6,1.0717300941124526,0.6666666666666666,0.0,174.0
344,5,4,1.0549201679861442,0.0,0.0,127.0
345,5,5,1.0888999753452238,0.6,0.0,118.0
346,4,3,1.0397207708399179,0.3333333333333333,0.0,95.0
347,6,4,1.0775563270668007,0.5,0.0,114.0
348,3,1,0.45056120886630463,1.0,0.0,42.0
349,5,4,1.0888999753452238,0.5,0.0,123.0
350,6,3,0.5623351446188083,1.0,0.0,146.0
351,8,6,0.9470571522825083,0.0,0.0,183.0
352,3,3,1.0114042647073518,0.3333333333333333,0.0,70.0
353,3,2,0.8675632284814612,0.0,0.0,66.0
354,3,3,1.0114042647073516,1.0,0.0,52.0
355,3,1,0.45056120886630463,1.0,0.0,56.0
356,7,4,0.9922819748525739,0.5,0.0,146.0
357,3,2,0.6365141682948128,1.0,0.0,80.0
358,7,5,0.9799711820833054,0.6,0.0,141.0
359,6,3,0.887694275799104,0.3333333333333333,0.0,122.0
360,6,4,0.9596147939120492,0.5,0.0,147.0
361,3,2,1.0114042647073518,0.0,0.0,71.0
362,3,2,1.0114042647073516,0.0,0.0,71.0
363,8,5,1.0433534269422906,0.2,0.0,179.0
364,3,1,1.0114042647073518,1.0,0.0,76.0
365,3,3,1.0114042647073518,0.3333333333333333,0.0,84.0
366,4,3,0.9743147528693494,0.3333333333333333,0.0,104.0
367,3,2,1.0114042647073516,1.0,0.0,71.0
368,6,5,1.0397207708399179,0.6,0.0,146.0
369,7,5,1.060944240790747,0.6,0.0,170.0
370,7,4,1.060944240790747,0.0,0.0,170.0
371,7,4,0.992281974852574,0.5,0.0,146.0
372,3,2,0.8675632284814612,1.0,0.0,66.0
373,8,5,1.0433534269422906,0.6,0.0,141.0
374,4,2,0.9002560512685369,1.0,0.0,95.0
375,7,5,0.8921178708188161,0.6,0.0,141.0
376,6,3,1.0114042647073516,0.3333333333333333,0.0,123.0
377,3,1,1.0114042647073518,1.0,0.0,71.0
378,5,3,0.9502705392332347,0.3333333333333333,0.0,108.0
379,7,5,1.0789922078775833,0.6,0.0,155.0
380,5,4,1.0888999753452238,0.5,0.0,113.0
381,3,2,1.0114042647073516,1.0,0.0,67.0
382,8,4,1.0397207708399179,0.5,0.0,189.0
383,4,4,1.0821955300387673,0.5,0.0,99.0
384,3,2,1.0114042647073518,1.0,0.0,71.0
385,4,3,1.0821955300387671,0.3333333333333333,0.0,90.0
386,8,5,0.9743147528693494,0.2,0.0,150.0
387,3,3,1.0986122886681096,0.3333333333333333,0.0,80.0
388,6,4,1.0986122886681096,0.5,0.0,123.0
389,8,5,0.6210863745552451,0.6,0.0,183.0
390,8,6,1.0433534269422904,1.0,0.0,145.0
391,5,4,1.0296530140645737,0.0,0.0,118.0
392,3,2,1.0114042647073516,1.0,0.0,71.0
393,4,4,1.0821955300387671,0.0,0.0,108.0
394,4,2,0.9743147528693494,1.0,0.0,85.0
395,8,6,1.0717300941124526,0.3333333333333333,0.0,183.0
396,6,5,0.9596147939120492,0.6,0.0,131.0
397,8,5,1.0239287996389363,0.6,0.0,132.0
398,7,5,1.060944240790747,0.2,0.0,179.0
399,4,0,0.0,0.0,0.0,61.0
400,8,5,1.0397207708399179,0.6,0.0,173.0
401,6,4,0.8239592165010823,0.5,0.0,140.0
402,3,1,1.0114042647073516,1.0,0.0,76.0
403,5,4,1.0296530140645737,0.0,0.0,127.0
404,3,1,1.0114042647073518,1.0,0.0,71.0
405,8,4,0.8647400965276372,0.0,0.0,159.0
406,3,2,1.0114042647073518,1.0,0.0,80.0
407,5,4,0.8979457248567797,0.5,0.0,161.0
408,5,3,0.6931471805599453,0.3333333333333333,0.0,137.0
409,7,5,0.9556998911125343,0.2,0.0,169.0
410,5,3,0.8018185525433373,0.3333333333333333,0.0,108.0
411,4,4,1.0397207708399179,0.5,0.0,94.0
412,4,4,1.0821955300387671,0.5,0.0,94.0
413,5,4,1.0296530140645737,0.5,0.0,132.0
414,3,2,1.0114042647073516,1.0,0.0,76.0
415,4,4,0.9743147528693494,1.0,0.0,118.0
416,3,2,0.8675632284814612,1.0,0.0,66.0
417,5,4,1.0549201679861442,1.0,0.0,85.0
418,4,2,0.7356219397587946,1.0,0.0,80.0
419,8,7,1.0433534269422904,0.7142857142857143,0.0,236.0
420,8,5,1.0397207708399179,0.6,0.0,169.0
421,6,2,0.887694275799104,1.0,0.0,127.0
422,6,4,0.8239592165010823,0.0,0.0,117.0
423,5,4,0.9433483923290391,0.5,0.0,151.0
424,7,6,1.0346012329101812,0.3333333333333333,0.0,159.0
425,6,5,1.0281838593329258,0.6,0.0,175.0
426,4,2,0.5623351446188083,1.0,0.0,114.0
427,8,5,1.0433534269422904,0.2,0.0,199.0
428,6,6,1.0397207708399179,0.3333333333333333,0.0,156.0
429,4,2,0.9743147528693494,0.0,0.0,109.0
430,3,3,1.0114042647073516,0.3333333333333333,0.0,80.0
431,3,2,0.8675632284814612,0.0,0.0,66.0
432,5,5,1.0888999753452238,0.2,0.0,123.0
433,5,2,1.0549201679861442,0.0,0.0,114.0
434,7,5,1.060944240790747,0.6,0.0,166.0
435,7,4,1.0346012329101812,1.0,0.0,118.0
436,6,4,0.9184277849930976,0.0,0.0,151.0
437,3,1,0.45056120886630463,1.0,0.0,67.0
438,4,3,0.9743147528693494,0.3333333333333333,0.0,94.0
439,4,3,0.9743147528693494,0.3333333333333333,0.0,104.0
440,6,4,0.8239592165010823,0.0,0.0,112.0
441,7,6,1.060944240790747,0.0,0.0,198.0
442,7,5,0.9799711820833054,0.2,0.0,164.0
443,4,4,1.0821955300387671,0.0,0.0,113.0
444,4,3,0.9002560512685369,0.3333333333333333,0.0,99.0
445,6,4,1.0986122886681096,0.5,0.0,146.0
446,7,5,0.8921178708188161,1.0,0.0,131.0
447,7,5,0.9799711820833054,0.6,0.0,179.0
448,4,3,0.9002560512685369,1.0,0.0,75.0
449,4,2,0.9743147528693494,1.0,0.0,80.0
450,8,8,1.0821955300387673,0.5,0.0,202.0
451,5,4,1.0296530140645737,0.0,0.0,108.0
452,8,5,1.0433534269422904,0.6,0.0,174.0
453,6,4,1.0775563270668007,0.5,0.0,123.0
454,5,4,1.0888999753452238,0.0,0.0,132.0
455,8,5,0.9470571522825082,0.2,0.0,189.0
456,3,2,0.6365141682948128,1.0,0.0,75.0
457,4,2,0.9743147528693494,0.0,0.0,90.0
458,8,7,1.0239287996389363,1.0,0.0,183.0
459,4,3,0.9002560512685369,0.3333333333333333,0.0,94.0
460,7,5,1.0042424730540764,0.2,0.0,184.0
461,8,6,1.0717300941124526,0.3333333333333333,0.0,183.0
462,6,3,0.887694275799104,1.0,0.0,137.0
463,3,2,1.0114042647073516,0.0,0.0,71.0
464,5,4,0.9433483923290393,0.0,0.0,141.0
465,8,7,1.0821955300387671,0.7142857142857143,0.0,179.0
466,4,3,0.9743147528693494,0.3333333333333333,0.0,118.0
467,5,3,0.8979457248567797,0.3333333333333333,0.0,98.0
468,7,2,0.7589367727620596,0.0,0.0,103.0
469,5,4,1.0888999753452238,0.0,0.0,122.0
470,3,1,1.0114042647073516,1.0,0.0,71.0
471,8,8,1.0433534269422904,0.5,0.0,178.0
472,5,4,1.0296530140645737,0.0,0.0,137.0
473,6,5,0.887694275799104,0.2,0.0,174.0
474,8,6,1.0397207708399179,0.6666666666666666,0.0,174.0
475,5,3,1.0296530140645737,0.3333333333333333,0.0,104.0
476,3,1,0.6931471805599453,1.0,0.0,71.0
477,3,3,1.0114042647073516,0.3333333333333333,0.0,104.0
478,3,2,1.0114042647073518,1.0,0.0,57.0
479,3,1,0.45056120886630463,1.0,0.0,56.0
480,4,3,0.9743147528693494,0.3333333333333333,0.0,100.0
481,3,3,1.0114042647073516,0.3333333333333333,0.0,84.0
482,8,6,0.9470571522825082,0.3333333333333333,0.0,168.0
483,3,2,0.8675632284814612,0.0,0.0,66.0
484,5,2,0.9433483923290391,0.0,0.0,114.0
485,3,3,1.0114042647073516,0.3333333333333333,0.0,80.0
486,6,5,1.0114042647073516,0.6,0.0,155.0
487,8,7,1.0239287996389363,0.14285714285714285,0.0,164.0
488,7,6,0.9556998911125343,0.0,0.0,188.0
489,3,2,0.8675632284814612,1.0,0.0,61.0
490,7,6,0.9922819748525737,0.0,0.0,217.0
491,5,3,0.6108643020548935,0.3333333333333333,0.0,147.0
492,4,1,0.6615632381579821,1.0,0.0,90.0
493,8,5,1.0397207708399179,0.6,0.0,159.0
494,6,6,1.077556327066801,0.3333333333333333,0.0,141.0
495,5,4,1.0549201679861442,0.5,0.0,114.0
496,5,5,1.0888999753452238,0.6,0.0,123.0
497,8,5,1.0717300941124526,0.2,0.0,199.0
498,5,3,1.0296530140645737,0.3333333333333333,0.0,113.0
499,6,4,0.9596147939120492,0.5,0.0,146.0
500,5,4,0.8979457248567798,1.0,0.0,127.0
501,4,3,0.9002560512685369,1.0,0.0,94.0
502,6,5,1.0775563270668007,0.2,0.0,151.0
503,6,5,0.9596147939120492,0.6,0.0,122.0
504,5,3,1.0549201679861442,1.0,0.0,109.0
505,7,4,0.9922819748525737,0.5,0.0,170.0
506,5,2,1.0296530140645737,1.0,0.0,95.0
507,7,4,0.9556998911125343,1.0,0.0,127.0
508,3,3,1.0114042647073516,0.3333333333333333,0.0,94.0
509,8,6,0.9840865030829147,0.3333333333333333,0.0,165.0
510,5,5,0.9433483923290391,0.2,0.0,160.0
511,8,6,1.0821955300387673,0.3333333333333333,0.0,179.0
512,5,3,1.0296530140645737,0.3333333333333333,0.0,104.0
513,7,4,1.0042424730540764,0.0,0.0,151.0
514,7,4,0.8921178708188162,1.0,0.0,94.0
515,6,5,1.077556327066801,0.2,0.0,141.0
516,7,6,1.034601232910181,0.3333333333333333,0.0,155.0
517,7,7,1.0933747175566468,0.7142857142857143,0.0,174.0
518,7,4,0.8921178708188162,1.0,0.0,127.0
519,7,5,0.9799711820833054,0.6,0.0,113.0
520,6,4,0.9596147939120492,1.0,0.0,117.0
521,7,4,0.8982053397041498,0.5,0.0,189.0
522,6,5,1.0775563270668007,0.2,0.0,165.0
523,5,3,0.9433483923290391,0.3333333333333333,0.0,118.0
524,8,5,0.9743147528693494,0.2,0.0,146.0
525,6,3,0.9184277849930976,1.0,0.0,151.0
526,7,5,1.034601232910181,0.2,0.0,164.0
527,7,5,1.0346012329101812,0.6,0.0,175.0
528,6,5,1.0114042647073516,0.6,0.0,170.0
529,3,3,1.0986122886681096,1.0,0.0,66.0
530,4,4,0.9743147528693494,0.5,0.0,113.0
531,4,3,1.0397207708399179,0.3333333333333333,0.0,94.0
532,5,4,1.0296530140645737,0.5,0.0,118.0
533,7,5,0.8921178708188162,0.2,0.0,154.0
534,3,2,1.0986122886681096,1.0,0.0,57.0
535,6,4,1.0281838593329258,0.0,0.0,137.0
536,8,6,1.0717300941124526,0.6666666666666666,0.0,160.0
537,5,3,1.0296530140645737,0.3333333333333333,0.0,104.0
538,5,3,1.0296530140645737,0.3333333333333333,0.0,94.0
539,6,4,0.9596147939120492,1.0,0.0,127.0
540,6,2,0.6365141682948128,0.0,0.0,118.0
541,3,2,1.0114042647073516,0.0,0.0,76.0
542,4,2,0.9743147528693494,0.0,0.0,109.0
543,5,2,0.8979457248567797,1.0,0.0,104.0
544,6,4,1.0775563270668007,0.0,0.0,156.0
545,5,4,1.0296530140645737,0.5,0.0,133.0
546,4,3,0.9002560512685369,0.3333333333333333,0.0,99.0
547,6,4,1.0775563270668007,0.0,0.0,152.0
548,3,2,0.6365141682948128,0.0,0.0,85.0
549,4,3,1.0821955300387671,0.3333333333333333,0.0,94.0
550,7,4,0.9556998911125343,0.5,0.0,136.0
551,8,5,0.8647400965276372,0.2,0.0,192.0
552,5,2,0.9433483923290391,0.0,0.0,113.0
553,6,4,1.0114042647073516,1.0,0.0,141.0
554,8,6,0.9470571522825082,0.3333333333333333,0.0,145.0
555,8,6,0.9840865030829147,0.3333333333333333,0.0,169.0
556,7,5,0.9922819748525737,0.2,0.0,199.0
557,3,2,0.6365141682948128,0.0,0.0,75.0
558,4,1,0.37677016125643675,1.0,0.0,80.0
559,5,5,1.0888999753452238,0.2,0.0,127.0
560,5,5,0.9433483923290391,1.0,0.0,146.0
561,4,3,0.9743147528693494,0.3333333333333333,0.0,99.0
562,3,3,1.0114042647073518,0.3333333333333333,0.0,95.0
563,6,4,1.0281838593329258,0.0,0.0,156.0
564,4,1,0.9743147528693494,1.0,0.0,85.0
565,5,3,0.9433483923290392,0.3333333333333333,0.0,123.0
566,4,2,0.5623351446188083,0.0,0.0,75.0
567,5,5,1.0296530140645737,0.6,0.0,127.0
568,7,4,1.034601232910181,0.5,0.0,161.0
569,3,2,1.0114042647073516,0.0,0.0,80.0
570,7,6,1.0346012329101812,0.3333333333333333,0.0,188.0
571,4,4,1.0821955300387671,1.0,0.0,104.0
572,5,2,0.9433483923290391,1.0,0.0,123.0
573,4,3,0.9743147528693494,0.3333333333333333,0.0,109.0
574,5,5,0.9433483923290391,0.6,0.0,141.0
575,7,6,0.992281974852574,0.3333333333333333,0.0,197.0
576,4,3,0.9002560512685369,0.3333333333333333,0.0,128.0
577,7,4,1.0042424730540764,0.0,0.0,170.0
578,4,3,0.9743147528693494,0.3333333333333333,0.0,108.0
579,4,1,0.7356219397587946,1.0,0.0,71.0
580,3,2,0.8675632284814612,1.0,0.0,76.0
581,5,4,1.0888999753452238,0.0,0.0,123.0
582,3,2,0.6365141682948128,0.0,0.0,51.0
583,6,5,1.0114042647073518,0.2,0.0,140.0
584,8,3,0.7029189307735104,0.3333333333333333,0.0,112.0
585,4,3,1.0821955300387671,0.3333333333333333,0.0,89.0
586,7,5,0.9556998911125343,0.2,0.0,169.0
587,8,5,1.0433534269422904,0.2,0.0,188.0
588,7,5,1.0346012329101812,0.2,0.0,155.0
589,6,5,1.077556327066801,0.2,0.0,146.0
590,4,2,0.9743147528693494,1.0,0.0,109.0
591,8,5,0.9214934308679616,0.2,0.0,149.0
592,8,5,0.9840865030829147,0.6,0.0,159.0
593,8,6,1.0717300941124526,0.0,0.0,188.0
594,8,6,1.0239287996389363,0.3333333333333333,0.0,187.0
595,6,4,0.8675632284814612,1.0,0.0,103.0
596,7,5,0.9799711820833054,0.2,0.0,150.0
597,4,3,1.0397207708399179,0.3333333333333333,0.0,114.0
598,7,6,1.060944240790747,0.0,0.0,165.0
599,3,2,0.8675632284814612,1.0,0.0,76.0
600,5,2,0.8979457248567798,0.0,0.0,99.0
601,3,1,0.6931471805599453,1.0,0.0,71.0
602,6,5,1.0281838593329258,0.6,0.0,137.0
603,7,5,1.060944240790747,0.6,0.0,155.0
604,6,4,1.0397207708399179,0.5,0.0,161.0
605,4,3,0.9743147528693494,0.3333333333333333,0.0,104.0
606,4,2,0.5623351446188083,0.0,0.0,65.0
607,6,4,1.0397207708399179,0.5,0.0,160.0
608,7,5,0.9556998911125343,0.2,0.0,166.0
609,3,2,0.8675632284814612,1.0,0.0,75.0
610,6,3,1.0114042647073518,1.0,0.0,142.0
611,5,2,1.0296530140645737,0.0,0.0,104.0
612,8,6,0.9470571522825082,0.3333333333333333,0.0,159.0
613,3,2,0.6365141682948128,0.0,0.0,75.0
614,3,2,1.0114042647073516,1.0,0.0,71.0
615,4,2,0.9002560512685369,0.0,0.0,85.0
616,3,3,1.0114042647073516,0.3333333333333333,0.0,70.0
617,8,6,1.0433534269422904,0.3333333333333333,0.0,193.0
618,4,4,0.9743147528693494,0.5,0.0,80.0
619,6,4,0.9596147939120492,0.5,0.0,108.0
620,5,3,0.8018185525433373,1.0,0.0,103.0
621,8,5,0.9832739442463889,0.2,0.0,179.0
622,4,1,0.9002560512685369,1.0,0.0,66.0
623,4,4,1.0821955300387673,0.0,0.0,127.0
624,8,6,1.0239287996389363,0.0,0.0,178.0
625,8,6,1.0239287996389363,0.3333333333333333,0.0,203.0
626,4,3,1.0821955300387673,0.3333333333333333,0.0,99.0
627,6,3,1.077556327066801,0.3333333333333333,0.0,109.0
628,6,4,0.8675632284814612,1.0,0.0,141.0
629,6,3,0.9596147939120492,0.3333333333333333,0.0,113.0
630,7,7,1.0042424730540764,1.0,0.0,155.0
631,7,4,0.8304717124362917,0.5,0.0,189.0
632,7,5,0.9922819748525737,0.2,0.0,165.0
633,4,4,0.9743147528693494,0.0,0.0,127.0
634,7,5,1.0346012329101812,0.6,0.0,114.0
635,5,3,0.9433483923290391,0.3333333333333333,0.0,142.0
636,3,1,0.45056120886630463,1.0,0.0,66.0
637,4,4,0.9743147528693494,0.5,0.0,127.0
638,5,3,0.6108643020548935,0.3333333333333333,0.0,132.0
639,6,4,1.0397207708399179,0.5,0.0,152.0
640,5,5,1.0888999753452238,0.2,0.0,127.0
641,6,3,1.0114042647073518,1.0,0.0,146.0
642,5,3,0.9433483923290392,0.3333333333333333,0.0,123.0
643,5,3,0.9433483923290391,0.3333333333333333,0.0,118.0
644,6,4,1.0114042647073518,0.0,0.0,175.0
645,5,4,1.0296530140645737,0.5,0.0,118.0
646,7,4,0.8921178708188161,0.5,0.0,117.0
647,8,6,0.9840865030829147,0.3333333333333333,0.0,173.0
648,8,6,0.9840865030829146,0.6666666666666666,0.0,208.0
649,5,5,1.0296530140645737,0.2,0.0,108.0
650,4,3,1.0397207708399179,0.3333333333333333,0.0,89.0
651,5,4,1.0296530140645737,0.0,0.0,112.0
652,5,4,1.0296530140645737,0.5,0.0,128.0
653,5,4,1.0296530140645737,0.5,0.0,123.0
654,6,5,0.9184277849930976,0.2,0.0,151.0
655,7,5,1.0042424730540764,0.6,0.0,151.0
656,7,4,0.9556998911125343,0.5,0.0,160.0
657,3,1,0.8675632284814612,1.0,0.0,66.0
658,4,4,1.0821955300387673,0.5,0.0,99.0
659,7,5,1.060944240790747,0.6,0.0,165.0
660,7,5,0.8982053397041498,0.6,0.0,160.0
661,4,1,0.6615632381579821,1.0,0.0,90.0
662,8,6,1.0433534269422904,0.3333333333333333,0.0,184.0
663,6,3,0.887694275799104,0.3333333333333333,0.0,141.0
664,7,4,1.0042424730540764,0.5,0.0,127.0
665,8,6,1.0433534269422904,0.0,0.0,207.0
666,3,1,0.8675632284814612,1.0,0.0,67.0
667,6,3,0.9596147939120492,0.3333333333333333,0.0,132.0
668,6,5,0.9184277849930976,0.2,0.0,184.0
669,5,2,0.6730116670092565,1.0,0.0,133.0
670,3,2,0.6365141682948128,1.0,0.0,42.0
671,7,4,0.9922819748525739,0.5,0.0,123.0
672,6,4,0.9184277849930976,0.5,0.0,127.0
673,4,4,0.9743147528693494,0.0,0.0,132.0
674,8,7,1.0239287996389363,0.14285714285714285,0.0,173.0
675,5,4,0.8979457248567797,0.5,0.0,122.0
676,4,2,0.5623351446188083,0.0,0.0,70.0
677,3,2,1.0114042647073516,0.0,0.0,66.0
678,3,3,1.0114042647073518,0.3333333333333333,0.0,95.0
679,5,4,1.0296530140645737,0.5,0.0,133.0
680,6,5,1.0397207708399179,1.0,0.0,127.0
681,4,3,0.9002560512685369,1.0,0.0,80.0
682,3,1,0.8675632284814612,1.0,0.0,62.0
683,8,4,0.9832739442463889,0.5,0.0,184.0
684,8,4,0.9214934308679616,1.0,0.0,150.0
685,6,4,1.0281838593329258,0.5,0.0,160.0
686,4,3,0.9002560512685369,0.3333333333333333,0.0,84.0
687,3,3,1.0986122886681096,0.3333333333333333,0.0,80.0
688,8,5,0.9214934308679616,0.2,0.0,208.0
689,3,2,1.0114042647073516,0.0,0.0,85.0
690,6,4,0.887694275799104,0.5,0.0,108.0
691,4,2,0.9743147528693494,0.0,0.0,99.0
692,6,3,1.0114042647073518,0.3333333333333333,0.0,137.0
693,6,3,0.9596147939120492,0.3333333333333333,0.0,118.0
694,3,2,1.0114042647073516,0.0,0.0,85.0
695,5,3,1.0296530140645737,1.0,0.0,109.0
696,3,2,1.0114042647073516,0.0,0.0,66.0
697,7,4,0.8921178708188162,0.5,0.0,131.0
698,3,2,0.6365141682948128,0.0,0.0,61.0
699,6,5,1.0114042647073516,0.2,0.0,151.0
700,4,4,1.0821955300387673,0.5,0.0,104.0
701,3,1,0.6931471805599453,1.0,0.0,76.0
702,7,4,0.8982053397041498,0.5,0.0,161.0
703,5,4,0.8979457248567797,0.5,0.0,141.0
704,3,1,0.45056120886630463,1.0,0.0,52.0
705,5,3,0.9433483923290391,1.0,0.0,118.0
706,8,5,0.8305236914828464,0.2,0.0,174.0
707,7,5,1.0346012329101812,1.0,0.0,170.0
708,3,3,1.0114042647073516,1.0,0.0,85.0
709,6,4,1.0281838593329258,1.0,0.0,118.0
710,4,3,0.9743147528693494,0.3333333333333333,0.0,104.0
711,5,4,1.0296530140645737,0.5,0.0,108.0
712,3,2,1.0114042647073516,1.0,0.0,71.0
713,4,3,1.0397207708399179,1.0,0.0,113.0
714,3,3,1.0114042647073516,1.0,0.0,61.0
715,7,5,0.9922819748525737,0.2,0.0,145.0
716,8,6,0.9840865030829147,0.3333333333333333,0.0,145.0
717,3,1,0.8675632284814612,1.0,0.0,57.0
718,5,5,1.0296530140645737,0.6,0.0,113.0
719,6,5,1.077556327066801,0.6,0.0,136.0
720,6,3,0.5623351446188083,0.3333333333333333,0.0,98.0
721,3,3,1.0114042647073518,0.3333333333333333,0.0,61.0
722,7,4,1.060944240790747,0.0,0.0,175.0
723,8,5,0.9470571522825082,1.0,0.0,155.0
724,6,4,1.0397207708399179,1.0,0.0,137.0
725,4,1,0.9002560512685369,1.0,0.0,71.0
726,6,6,1.0775563270668007,0.3333333333333333,0.0,150.0
727,7,5,1.0042424730540764,0.2,0.0,160.0
728,4,2,0.9743147528693494,1.0,0.0,85.0
729,3,2,0.6365141682948128,1.0,0.0,75.0
730,4,3,0.9002560512685369,1.0,0.0,75.0
731,8,6,1.0717300941124526,0.0,0.0,198.0
732,3,3,1.0986122886681096,0.3333333333333333,0.0,80.0
733,5,3,0.6108643020548935,0.3333333333333333,0.0,127.0
734,6,2,0.9596147939120492,0.0,0.0,99.0
735,5,4,0.9433483923290391,0.5,0.0,141.0
736,5,3,1.0549201679861442,0.3333333333333333,0.0,118.0
737,8,5,1.0239287996389363,1.0,0.0,164.0
738,7,6,1.060944240790747,0.0,0.0,204.0
739,3,2,1.0114042647073516,1.0,0.0,66.0
740,4,2,0.7356219397587946,0.0,0.0,89.0
741,5,5,0.9433483923290391,0.6,0.0,141.0
742,3,2,0.6365141682948128,0.0,0.0,85.0
743,7,5,1.0042424730540764,0.2,0.0,193.0
744,4,3,1.0821955300387671,0.3333333333333333,0.0,94.0
745,6,4,0.9596147939120492,0.0,0.0,146.0
746,7,7,1.060944240790747,0.42857142857142855,0.0,188.0
747,8,5,0.8305236914828464,0.6,0.0,107.0
748,8,5,0.9832739442463889,0.2,0.0,174.0
749,5,3,1.0888999753452238,0.3333333333333333,0.0,109.0
750,8,7,1.094780226007948,0.14285714285714285,0.0,188.0
751,3,0,0.6365141682948128,0.0,0.0,67.0
752,4,4,0.9743147528693494,0.0,0.0,137.0
753,4,4,0.9743147528693494,0.0,0.0,94.0
754,8,6,0.9840865030829147,0.6666666666666666,0.0,117.0
755,3,3,1.0114042647073518,0.3333333333333333,0.0,99.0
756,8,6,1.0239287996389363,0.0,0.0,169.0
757,8,7,1.0717300941124526,0.14285714285714285,0.0,241.0
758,4,4,1.0821955300387671,0.5,0.0,94.0
759,7,4,0.8760057656431737,0.5,0.0,122.0
760,7,4,0.8304717124362917,0.0,0.0,103.0
761,8,4,0.9002560512685369,0.0,0.0,141.0
762,3,1,0.45056120886630463,1.0,0.0,47.0
763,5,3,1.0549201679861442,0.3333333333333333,0.0,123.0
764,4,1,0.9002560512685369,1.0,0.0,66.0
765,8,4,0.9002560512685369,1.0,0.0,145.0
766,7,6,1.060944240790747,0.0,0.0,169.0
767,5,4,1.0296530140645737,1.0,0.0,94.0
768,6,5,1.0397207708399179,0.2,0.0,146.0
769,8,6,0.9470571522825082,0.3333333333333333,0.0,121.0
770,5,4,0.9502705392332347,0.5,0.0,113.0
771,8,5,0.9214934308679616,0.2,0.0,168.0
772,7,7,1.0042424730540764,0.7142857142857143,0.0,145.0
773,8,7,1.0821955300387671,0.14285714285714285,0.0,179.0
774,3,2,0.6365141682948128,0.0,0.0,91.0
775,6,3,1.0114042647073518,1.0,0.0,119.0
776,8,6,1.0433534269422904,0.3333333333333333,0.0,178.0
777,8,5,1.0239287996389363,0.2,0.0,155.0
778,8,7,1.0717300941124526,0.14285714285714285,0.0,183.0
779,5,3,1.0888999753452238,0.3333333333333333,0.0,104.0
780,8,5,1.0239287996389363,0.2,0.0,175.0
781,6,6,1.0281838593329258,0.3333333333333333,0.0,145.0
782,6,4,0.9596147939120492,0.5,0.0,146.0
783,5,4,1.0296530140645737,0.5,0.0,113.0
784,4,3,0.9002560512685369,0.3333333333333333,0.0,123.0
785,7,2,0.6829081047004717,0.0,0.0,123.0
786,6,4,1.0114042647073518,0.5,0.0,151.0
787,3,3,1.0986122886681096,0.3333333333333333,0.0,80.0
788,6,5,1.0114042647073516,0.2,0.0,161.0
789,7,5,0.8921178708188161,1.0,0.0,164.0
790,8,7,1.0433534269422904,0.42857142857142855,0.0,173.0
791,5,3,0.8018185525433372,1.0,0.0,108.0
792,3,2,0.6365141682948128,0.0,0.0,61.0
793,4,3,1.0397207708399179,1.0,0.0,95.0
794,3,3,1.0986122886681096,0.3333333333333333,0.0,85.0
795,3,2,0.6365141682948128,0.0,0.0,86.0
796,4,3,0.9743147528693494,1.0,0.0,99.0
797,7,5,1.0042424730540764,0.2,0.0,179.0
798,5,3,0.8018185525433372,1.0,0.0,117.0
799,5,4,0.9502705392332347,0.0,0.0,113.0
800,3,1,0.6931471805599453,1.0,0.0,66.0
801,7,4,1.060944240790747,0.5,0.0,132.0
802,3,2,1.0114042647073518,1.0,0.0,62.0
803,5,3,1.0888999753452238,0.3333333333333333,0.0,104.0
804,5,4,1.0888999753452238,0.0,0.0,113.0
805,5,5,0.9433483923290391,0.2,0.0,160.0
806,3,1,0.45056120886630463,1.0,0.0,66.0
807,5,4,1.0296530140645737,0.5,0.0,118.0
808,7,7,1.0789922078775833,0.14285714285714285,0.0,179.0
809,5,3,0.8979457248567797,0.3333333333333333,0.0,122.0
810,3,3,1.0986122886681096,0.3333333333333333,0.0,80.0
811,4,4,0.9743147528693494,0.5,0.0,79.0
812,5,2,0.9433483923290391,1.0,0.0,104.0
813,8,6,1.0717300941124526,0.6666666666666666,0.0,160.0
814,3,2,1.0114042647073518,0.0,0.0,85.0
815,6,2,0.9596147939120492,0.0,0.0,118.0
816,5,4,1.0296530140645737,0.5,0.0,137.0
817,5,4,1.0888999753452238,0.0,0.0,132.0
818,3,2,0.8675632284814612,0.0,0.0,76.0
819,5,4,0.9502705392332347,1.0,0.0,113.0
820,5,5,1.0549201679861442,0.2,0.0,141.0
821,5,3,1.0549201679861442,0.3333333333333333,0.0,132.0
822,6,4,0.8675632284814612,0.5,0.0,117.0
823,6,4,0.9596147939120492,1.0,0.0,146.0
824,7,5,1.060944240790747,0.6,0.0,113.0
825,7,5,1.060944240790747,0.6,0.0,174.0
826,6,4,0.8239592165010823,0.5,0.0,150.0
827,5,4,0.8979457248567797,0.5,0.0,127.0
828,5,4,1.0296530140645737,0.5,0.0,142.0
829,3,3,1.0114042647073518,0.3333333333333333,0.0,71.0
830,3,2,1.0114042647073516,1.0,0.0,66.0
831,5,3,1.0296530140645737,1.0,0.0,99.0
832,7,5,0.9922819748525737,0.6,0.0,178.0
833,7,6,1.060944240790747,0.6666666666666666,0.0,132.0
834,4,3,0.9002560512685369,0.3333333333333333,0.0,128.0
835,6,5,1.0397207708399179,0.2,0.0,136.0
836,5,3,0.9502705392332347,0.3333333333333333,0.0,133.0
837,7,4,0.7589367727620595,1.0,0.0,136.0
838,7,4,1.0042424730540764,0.0,0.0,179.0
839,4,3,0.9743147528693494,0.3333333333333333,0.0,108.0
840,6,3,1.077556327066801,0.3333333333333333,0.0,128.0
841,3,2,0.6365141682948128,0.0,0.0,85.0
842,5,3,0.9433483923290391,0.3333333333333333,0.0,113.0
843,4,3,1.0821955300387671,1.0,0.0,90.0
844,7,5,0.8304717124362917,0.2,0.0,145.0
845,3,2,0.8675632284814612,0.0,0.0,85.0
846,6,4,1.0281838593329258,1.0,0.0,161.0
847,7,5,1.0346012329101812,0.2,0.0,150.0
848,7,4,0.7589367727620595,1.0,0.0,136.0
849,5,3,1.0888999753452238,0.3333333333333333,0.0,104.0
850,5,4,1.0549201679861442,0.0,0.0,127.0
851,7,5,1.060944240790747,0.6,0.0,165.0
852,7,6,1.060944240790747,0.3333333333333333,0.0,198.0
853,4,2,0.9002560512685369,1.0,0.0,76.0
854,7,5,0.992281974852574,0.6,0.0,198.0
855,6,3,0.8675632284814612,1.0,0.0,117.0
856,5,4,1.0888999753452238,0.0,0.0,132.0
857,8,6,0.9743147528693494,0.3333333333333333,0.0,193.0
858,7,5,0.9922819748525737,0.2,0.0,166.0
859,7,6,1.0346012329101812,0.3333333333333333,0.0,160.0
860,7,5,1.0346012329101812,0.2,0.0,146.0
861,8,8,1.0821955300387673,0.25,0.0,212.0
862,4,2,0.9002560512685369,1.0,0.0,99.0
863,5,4,1.0549201679861442,0.0,0.0,113.0
864,4,4,1.0821955300387673,0.0,0.0,104.0
865,5,3,1.0888999753452238,0.3333333333333333,0.0,99.0
866,3,2,0.6365141682948128,0.0,0.0,75.0
867,3,3,1.0114042647073516,1.0,0.0,52.0
868,4,2,0.9002560512685369,0.0,0.0,99.0
869,5,3,0.9502705392332347,0.3333333333333333,0.0,118.0
870,8,6,1.0397207708399179,0.0,0.0,164.0
871,7,3,0.8760057656431737,0.3333333333333333,0.0,180.0
872,3,3,1.0114042647073516,0.3333333333333333,0.0,104.0
873,4,3,1.0821955300387671,0.3333333333333333,0.0,90.0
874,7,5,0.9799711820833054,0.2,0.0,141.0
875,3,2,0.6365141682948128,0.0,0.0,91.0
876,8,5,1.0239287996389363,0.6,0.0,169.0
877,7,5,0.9556998911125343,0.6,0.0,154.0
878,6,4,0.8239592165010823,0.0,0.0,122.0
879,5,2,0.6730116670092565,1.0,0.0,113.0
880,7,7,1.0789922078775833,0.14285714285714285,0.0,188.0
881,5,3,0.6931471805599453,0.3333333333333333,0.0,142.0
882,4,4,1.0821955300387671,0.0,0.0,99.0
883,6,4,0.9184277849930976,1.0,0.0,146.0
884,3,3,1.0114042647073518,0.3333333333333333,0.0,61.0
885,8,5,0.9832739442463889,0.2,0.0,198.0
886,5,3,0.6931471805599453,0.3333333333333333,0.0,142.0
887,3,3,1.0114042647073516,0.3333333333333333,0.0,94.0
888,5,4,1.0296530140645737,0.5,0.0,118.0
889,6,3,0.887694275799104,1.0,0.0,113.0
890,3,1,1.0114042647073518,1.0,0.0,62.0
891,5,4,0.9502705392332347,0.5,0.0,108.0
892,5,4,1.0296530140645737,0.0,0.0,127.0
893,4,1,0.6615632381579821,1.0,0.0,100.0
894,3,3,1.0986122886681096,1.0,0.0,66.0
895,5,4,0.9433483923290393,0.5,0.0,147.0
896,5,4,1.0296530140645737,0.5,0.0,108.0
897,6,5,1.0775563270668007,0.2,0.0,160.0
898,4,2,0.9743147528693494,1.0,0.0,90.0
899,6,4,1.077556327066801,0.5,0.0,171.0
900,8,5,1.0433534269422904,0.2,0.0,137.0
901,6,4,1.0397207708399179,0.0,0.0,136.0
902,3,2,0.6365141682948128,1.0,0.0,47.0
903,8,6,0.9743147528693494,0.6666666666666666,0.0,160.0
904,5,4,0.8979457248567797,0.5,0.0,156.0
905,6,3,1.0281838593329258,1.0,0.0,118.0
906,8,3,0.9470571522825082,0.3333333333333333,0.0,170.0
907,8,4,0.7774621319109288,1.0,0.0,168.0
908,8,5,1.0239287996389363,0.2,0.0,194.0
909,6,6,1.0775563270668007,0.6666666666666666,0.0,141.0
910,8,5,1.0397207708399179,0.6,0.0,159.0
911,6,3,1.0114042647073516,0.3333333333333333,0.0,113.0
912,6,3,1.0114042647073516,1.0,0.0,132.0
913,7,5,1.0933747175566466,0.2,0.0,150.0
914,5,4,1.0296530140645737,0.5,0.0,122.0
915,7,5,0.8982053397041498,0.2,0.0,179.0
916,6,4,1.0114042647073518,0.0,0.0,142.0
917,7,4,0.8921178708188162,0.5,0.0,175.0
918,5,3,0.8979457248567797,0.3333333333333333,0.0,133.0
919,3,1,0.45056120886630463,1.0,0.0,66.0
920,4,3,0.6615632381579821,0.3333333333333333,0.0,118.0
921,8,6,1.0717300941124526,0.6666666666666666,0.0,150.0
922,4,2,0.9002560512685369,1.0,0.0,99.0
923,3,0,0.6365141682948128,0.0,0.0,57.0
924,3,2,0.6365141682948128,1.0,0.0,80.0
925,6,4,0.887694275799104,0.0,0.0,146.0
926,7,7,1.0042424730540764,0.14285714285714285,0.0,207.0
927,4,3,1.0821955300387671,0.3333333333333333,0.0,118.0
928,8,6,1.0821955300387671,0.6666666666666666,0.0,197.0
929,7,5,0.9556998911125343,0.2,0.0,126.0
930,6,4,0.9596147939120492,0.5,0.0,98.0
931,6,5,1.0397207708399179,0.2,0.0,155.0
932,4,3,1.0397207708399179,0.3333333333333333,0.0,109.0
933,4,2,0.9743147528693494,1.0,0.0,85.0
934,5,4,0.9502705392332347,0.5,0.0,108.0
935,5,4,0.8979457248567798,1.0,0.0,89.0
936,7,6,1.0933747175566468,0.6666666666666666,0.0,174.0
937,7,5,0.9922819748525737,0.2,0.0,165.0
938,7,7,1.060944240790747,0.14285714285714285,0.0,164.0
939,7,4,1.060944240790747,0.0,0.0,160.0
940,3,1,0.45056120886630463,1.0,0.0,56.0
941,5,1,0.3250829733914482,1.0,0.0,94.0
942,8,7,1.0717300941124526,0.7142857142857143,0.0,179.0
943,5,3,0.8018185525433373,0.3333333333333333,0.0,113.0
944,3,2,1.0114042647073518,0.0,0.0,75.0
945,7,3,0.8921178708188161,1.0,0.0,94.0
946,6,5,1.0397207708399179,1.0,0.0,118.0
947,8,6,0.9832739442463889,0.6666666666666666,0.0,198.0
948,4,3,0.9002560512685369,1.0,0.0,114.0
949,6,3,1.0775563270668007,0.3333333333333333,0.0,128.0
950,4,4,1.0821955300387673,0.5,0.0,104.0
951,7,6,1.0346012329101812,0.3333333333333333,0.0,203.0
952,5,2,0.9502705392332347,0.0,0.0,89.0
953,5,2,0.9433483923290392,1.0,0.0,104.0
954,4,4,1.0397207708399179,0.5,0.0,90.0
955,6,5,1.077556327066801,0.2,0.0,169.0
956,5,3,1.0549201679861442,0.3333333333333333,0.0,123.0
957,8,2,0.9743147528693494,1.0,0.0,151.0
958,4,3,0.9743147528693494,1.0,0.0,104.0
959,4,4,1.0821955300387671,0.0,0.0,123.0
960,3,3,1.0114042647073518,0.3333333333333333,0.0,61.0
961,7,4,0.8760057656431737,0.0,0.0,155.0
962,7,6,0.9922819748525737,0.0,0.0,212.0
963,4,4,1.0821955300387671,1.0,0.0,90.0
964,6,4,1.0986122886681096,0.5,0.0,147.0
965,3,3,1.0114042647073518,0.3333333333333333,0.0,85.0
966,3,3,1.0114042647073516,1.0,0.0,52.0
967,3,2,1.0114042647073516,0.0,0.0,80.0
968,7,5,1.060944240790747,0.2,0.0,170.0
969,4,2,0.9002560512685369,1.0,0.0,95.0
970,3,3,1.0114042647073518,0.3333333333333333,0.0,61.0
971,6,6,1.077556327066801,1.0,0.0,136.0
972,5,2,1.0296530140645737,0.0,0.0,104.0
973,8,5,1.0717300941124526,0.2,0.0,184.0
974,4,3,0.9002560512685369,1.0,0.0,89.0
975,7,3,0.8304717124362917,0.3333333333333333,0.0,127.0
976,3,1,0.45056120886630463,1.0,0.0,76.0
977,4,2,1.0821955300387671,0.0,0.0,85.0
978,5,2,0.9433483923290391,1.0,0.0,114.0
979,7,3,0.6559757323365467,0.3333333333333333,0.0,112.0
980,8,4,0.9743147528693494,0.5,0.0,170.0
981,5,2,0.6730116670092565,1.0,0.0,118.0
982,7,4,0.7589367727620595,0.5,0.0,98.0
983,4,3,1.0821955300387671,0.3333333333333333,0.0,114.0
984,4,3,1.0397207708399179,0.3333333333333333,0.0,85.0
985,4,4,0.6931471805599453,0.0,0.0,127.0
986,6,4,1.0114042647073518,0.5,0.0,146.0
987,5,4,1.0888999753452238,0.5,0.0,128.0
988,7,6,1.0789922078775833,0.3333333333333333,0.0,151.0
989,5,4,0.8979457248567797,0.0,0.0,142.0
990,4,2,0.6931471805599453,0.0,0.0,99.0
991,5,5,1.0296530140645737,0.2,0.0,113.0
992,7,5,0.6931471805599453,0.2,0.0,174.0
993,8,5,1.0239287996389363,1.0,0.0,145.0
994,5,4,0.9502705392332347,0.5,0.0,112.0
995,5,3,1.0296530140645737,1.0,0.0,94.0
996,3,3,1.0986122886681096,0.3333333333333333,0.0,85.0
997,6,5,1.0281838593329258,0.2,0.0,136.0
998,3,3,1.0114042647073516,1.0,0.0,85.0
999,5,5,1.0888999753452238,0.2,0.0,136.0
