config_id,F,n_amrs,n_elevators,demand,model,size,arm,favorable_corner,makespan
0,3,5,1,uniform,abstraction,8,random,LC_LI,99.0
0,3,5,1,uniform,abstraction,8,random,LC_LI,127.0
0,3,5,1,uniform,abstraction,8,random,LC_LI,175.0
0,3,5,1,uniform,abstraction,8,random,LC_LI,162.0
0,3,5,1,uniform,abstraction,8,random,LC_LI,142.0
0,3,5,1,uniform,abstraction,8,random,LC_LI,166.0
0,3,5,1,uniform,abstraction,8,random,LC_LI,133.0
0,3,5,1,uniform,abstraction,8,random,LC_LI,162.0
0,3,5,1,uniform,abstraction,8,random,LC_LI,103.0
0,3,5,1,uniform,abstraction,8,random,LC_LI,132.0
0,3,5,1,uniform,abstraction,8,random,LC_LI,147.0
0,3,5,1,uniform,abstraction,8,random,LC_LI,133.0
0,3,5,1,uniform,abstraction,8,random,LC_LI,137.0
0,3,5,1,uniform,abstraction,8,random,LC_LI,85.0
0,3,5,1,uniform,abstraction,8,random,LC_LI,118.0
0,3,5,1,uniform,abstraction,8,random,LC_LI,109.0
0,3,5,1,uniform,abstraction,8,random,LC_LI,85.0
0,3,5,1,uniform,abstraction,8,random,LC_LI,109.0
0,3,5,1,uniform,abstraction,8,random,LC_LI,152.0
0,3,5,1,uniform,abstraction,8,random,LC_LI,108.0
0,3,5,1,uniform,abstraction,8,HC_HI,LC_LI,133.0
0,3,5,1,uniform,abstraction,8,HC_HI,LC_LI,127.0
0,3,5,1,uniform,abstraction,8,HC_HI,LC_LI,132.0
0,3,5,1,uniform,abstraction,8,HC_HI,LC_LI,123.0
0,3,5,1,uniform,abstraction,8,HC_HI,LC_LI,128.0
0,3,5,1,uniform,abstraction,8,HC_HI,LC_LI,114.0
0,3,5,1,uniform,abstraction,8,HC_HI,LC_LI,119.0
0,3,5,1,uniform,abstraction,8,HC_HI,LC_LI,114.0
0,3,5,1,uniform,abstraction,8,HC_HI,LC_LI,141.0
0,3,5,1,uniform,abstraction,8,HC_HI,LC_LI,108.0
0,3,5,1,uniform,abstraction,8,HC_HI,LC_LI,133.0
0,3,5,1,uniform,abstraction,8,HC_HI,LC_LI,123.0
0,3,5,1,uniform,abstraction,8,HC_HI,LC_LI,119.0
0,3,5,1,uniform,abstraction,8,HC_HI,LC_LI,84.0
0,3,5,1,uniform,abstraction,8,HC_HI,LC_LI,133.0
0,3,5,1,uniform,abstraction,8,HC_HI,LC_LI,133.0
0,3,5,1,uniform,abstraction,8,HC_HI,LC_LI,132.0
0,3,5,1,uniform,abstraction,8,HC_HI,LC_LI,119.0
0,3,5,1,uniform,abstraction,8,HC_HI,LC_LI,108.0
0,3,5,1,uniform,abstraction,8,HC_HI,LC_LI,127.0
0,3,5,1,uniform,abstraction,8,HC_LI,LC_LI,136.0
0,3,5,1,uniform,abstraction,8,HC_LI,LC_LI,137.0
0,3,5,1,uniform,abstraction,8,HC_LI,LC_LI,118.0
0,3,5,1,uniform,abstraction,8,HC_LI,LC_LI,142.0
0,3,5,1,uniform,abstraction,8,HC_LI,LC_LI,142.0
0,3,5,1,uniform,abstraction,8,HC_LI,LC_LI,142.0
0,3,5,1,uniform,abstraction,8,HC_LI,LC_LI,118.0
0,3,5,1,uniform,abstraction,8,HC_LI,LC_LI,108.0
0,3,5,1,uniform,abstraction,8,HC_LI,LC_LI,104.0
0,3,5,1,uniform,abstraction,8,HC_LI,LC_LI,129.0
0,3,5,1,uniform,abstraction,8,HC_LI,LC_LI,132.0
0,3,5,1,uniform,abstraction,8,HC_LI,LC_LI,128.0
0,3,5,1,uniform,abstraction,8,HC_LI,LC_LI,128.0
0,3,5,1,uniform,abstraction,8,HC_LI,LC_LI,113.0
0,3,5,1,uniform,abstraction,8,HC_LI,LC_LI,137.0
0,3,5,1,uniform,abstraction,8,HC_LI,LC_LI,113.0
0,3,5,1,uniform,abstraction,8,HC_LI,LC_LI,142.0
0,3,5,1,uniform,abstraction,8,HC_LI,LC_LI,142.0
0,3,5,1,uniform,abstraction,8,HC_LI,LC_LI,118.0
0,3,5,1,uniform,abstraction,8,HC_LI,LC_LI,142.0
0,3,5,1,uniform,abstraction,8,LC_HI,LC_LI,109.0
0,3,5,1,uniform,abstraction,8,LC_HI,LC_LI,157.0
0,3,5,1,uniform,abstraction,8,LC_HI,LC_LI,113.0
0,3,5,1,uniform,abstraction,8,LC_HI,LC_LI,100.0
0,3,5,1,uniform,abstraction,8,LC_HI,LC_LI,118.0
0,3,5,1,uniform,abstraction,8,LC_HI,LC_LI,115.0
0,3,5,1,uniform,abstraction,8,LC_HI,LC_LI,118.0
0,3,5,1,uniform,abstraction,8,LC_HI,LC_LI,137.0
0,3,5,1,uniform,abstraction,8,LC_HI,LC_LI,137.0
0,3,5,1,uniform,abstraction,8,LC_HI,LC_LI,157.0
0,3,5,1,uniform,abstraction,8,LC_HI,LC_LI,141.0
0,3,5,1,uniform,abstraction,8,LC_HI,LC_LI,141.0
0,3,5,1,uniform,abstraction,8,LC_HI,LC_LI,108.0
0,3,5,1,uniform,abstraction,8,LC_HI,LC_LI,114.0
0,3,5,1,uniform,abstraction,8,LC_HI,LC_LI,138.0
0,3,5,1,uniform,abstraction,8,LC_HI,LC_LI,113.0
0,3,5,1,uniform,abstraction,8,LC_HI,LC_LI,143.0
0,3,5,1,uniform,abstraction,8,LC_HI,LC_LI,138.0
0,3,5,1,uniform,abstraction,8,LC_HI,LC_LI,141.0
0,3,5,1,uniform,abstraction,8,LC_HI,LC_LI,108.0
0,3,5,1,uniform,abstraction,8,LC_LI,LC_LI,109.0
0,3,5,1,uniform,abstraction,8,LC_LI,LC_LI,114.0
0,3,5,1,uniform,abstraction,8,LC_LI,LC_LI,132.0
0,3,5,1,uniform,abstraction,8,LC_LI,LC_LI,151.0
0,3,5,1,uniform,abstraction,8,LC_LI,LC_LI,151.0
0,3,5,1,uniform,abstraction,8,LC_LI,LC_LI,109.0
0,3,5,1,uniform,abstraction,8,LC_LI,LC_LI,99.0
0,3,5,1,uniform,abstraction,8,LC_LI,LC_LI,136.0
0,3,5,1,uniform,abstraction,8,LC_LI,LC_LI,109.0
0,3,5,1,uniform,abstraction,8,LC_LI,LC_LI,99.0
0,3,5,1,uniform,abstraction,8,LC_LI,LC_LI,95.0
0,3,5,1,uniform,abstraction,8,LC_LI,LC_LI,127.0
0,3,5,1,uniform,abstraction,8,LC_LI,LC_LI,109.0
0,3,5,1,uniform,abstraction,8,LC_LI,LC_LI,133.0
0,3,5,1,uniform,abstraction,8,LC_LI,LC_LI,122.0
0,3,5,1,uniform,abstraction,8,LC_LI,LC_LI,132.0
0,3,5,1,uniform,abstraction,8,LC_LI,LC_LI,114.0
0,3,5,1,uniform,abstraction,8,LC_LI,LC_LI,109.0
0,3,5,1,uniform,abstraction,8,LC_LI,LC_LI,127.0
0,3,5,1,uniform,abstraction,8,LC_LI,LC_LI,151.0
0,3,5,1,uniform,batched,8,random,LC_LI,203.0
0,3,5,1,uniform,batched,8,random,LC_LI,193.0
0,3,5,1,uniform,batched,8,random,LC_LI,182.0
0,3,5,1,uniform,batched,8,random,LC_LI,192.0
0,3,5,1,uniform,batched,8,random,LC_LI,113.0
0,3,5,1,uniform,batched,8,random,LC_LI,113.0
0,3,5,1,uniform,batched,8,random,LC_LI,141.0
0,3,5,1,uniform,batched,8,random,LC_LI,207.0
0,3,5,1,uniform,batched,8,random,LC_LI,197.0
0,3,5,1,uniform,batched,8,random,LC_LI,146.0
0,3,5,1,uniform,batched,8,random,LC_LI,198.0
0,3,5,1,uniform,batched,8,random,LC_LI,146.0
0,3,5,1,uniform,batched,8,random,LC_LI,80.0
0,3,5,1,uniform,batched,8,random,LC_LI,98.0
0,3,5,1,uniform,batched,8,random,LC_LI,164.0
0,3,5,1,uniform,batched,8,random,LC_LI,156.0
0,3,5,1,uniform,batched,8,random,LC_LI,155.0
0,3,5,1,uniform,batched,8,random,LC_LI,147.0
0,3,5,1,uniform,batched,8,random,LC_LI,117.0
0,3,5,1,uniform,batched,8,random,LC_LI,183.0
0,3,5,1,uniform,batched,8,HC_HI,LC_LI,240.0
0,3,5,1,uniform,batched,8,HC_HI,LC_LI,141.0
0,3,5,1,uniform,batched,8,HC_HI,LC_LI,155.0
0,3,5,1,uniform,batched,8,HC_HI,LC_LI,192.0
0,3,5,1,uniform,batched,8,HC_HI,LC_LI,192.0
0,3,5,1,uniform,batched,8,HC_HI,LC_LI,226.0
0,3,5,1,uniform,batched,8,HC_HI,LC_LI,240.0
0,3,5,1,uniform,batched,8,HC_HI,LC_LI,192.0
0,3,5,1,uniform,batched,8,HC_HI,LC_LI,155.0
0,3,5,1,uniform,batched,8,HC_HI,LC_LI,132.0
0,3,5,1,uniform,batched,8,HC_HI,LC_LI,145.0
0,3,5,1,uniform,batched,8,HC_HI,LC_LI,151.0
0,3,5,1,uniform,batched,8,HC_HI,LC_LI,202.0
0,3,5,1,uniform,batched,8,HC_HI,LC_LI,174.0
0,3,5,1,uniform,batched,8,HC_HI,LC_LI,226.0
0,3,5,1,uniform,batched,8,HC_HI,LC_LI,160.0
0,3,5,1,uniform,batched,8,HC_HI,LC_LI,150.0
0,3,5,1,uniform,batched,8,HC_HI,LC_LI,179.0
0,3,5,1,uniform,batched,8,HC_HI,LC_LI,197.0
0,3,5,1,uniform,batched,8,HC_HI,LC_LI,212.0
0,3,5,1,uniform,batched,8,HC_LI,LC_LI,207.0
0,3,5,1,uniform,batched,8,HC_LI,LC_LI,189.0
0,3,5,1,uniform,batched,8,HC_LI,LC_LI,207.0
0,3,5,1,uniform,batched,8,HC_LI,LC_LI,164.0
0,3,5,1,uniform,batched,8,HC_LI,LC_LI,166.0
0,3,5,1,uniform,batched,8,HC_LI,LC_LI,169.0
0,3,5,1,uniform,batched,8,HC_LI,LC_LI,155.0
0,3,5,1,uniform,batched,8,HC_LI,LC_LI,178.0
0,3,5,1,uniform,batched,8,HC_LI,LC_LI,165.0
0,3,5,1,uniform,batched,8,HC_LI,LC_LI,189.0
0,3,5,1,uniform,batched,8,HC_LI,LC_LI,226.0
0,3,5,1,uniform,batched,8,HC_LI,LC_LI,174.0
0,3,5,1,uniform,batched,8,HC_LI,LC_LI,188.0
0,3,5,1,uniform,batched,8,HC_LI,LC_LI,169.0
0,3,5,1,uniform,batched,8,HC_LI,LC_LI,161.0
0,3,5,1,uniform,batched,8,HC_LI,LC_LI,198.0
0,3,5,1,uniform,batched,8,HC_LI,LC_LI,183.0
0,3,5,1,uniform,batched,8,HC_LI,LC_LI,174.0
0,3,5,1,uniform,batched,8,HC_LI,LC_LI,169.0
0,3,5,1,uniform,batched,8,HC_LI,LC_LI,122.0
0,3,5,1,uniform,batched,8,LC_HI,LC_LI,165.0
0,3,5,1,uniform,batched,8,LC_HI,LC_LI,104.0
0,3,5,1,uniform,batched,8,LC_HI,LC_LI,154.0
0,3,5,1,uniform,batched,8,LC_HI,LC_LI,240.0
0,3,5,1,uniform,batched,8,LC_HI,LC_LI,117.0
0,3,5,1,uniform,batched,8,LC_HI,LC_LI,240.0
0,3,5,1,uniform,batched,8,LC_HI,LC_LI,122.0
0,3,5,1,uniform,batched,8,LC_HI,LC_LI,75.0
0,3,5,1,uniform,batched,8,LC_HI,LC_LI,185.0
0,3,5,1,uniform,batched,8,LC_HI,LC_LI,127.0
0,3,5,1,uniform,batched,8,LC_HI,LC_LI,165.0
0,3,5,1,uniform,batched,8,LC_HI,LC_LI,118.0
0,3,5,1,uniform,batched,8,LC_HI,LC_LI,141.0
0,3,5,1,uniform,batched,8,LC_HI,LC_LI,136.0
0,3,5,1,uniform,batched,8,LC_HI,LC_LI,127.0
0,3,5,1,uniform,batched,8,LC_HI,LC_LI,141.0
0,3,5,1,uniform,batched,8,LC_HI,LC_LI,141.0
0,3,5,1,uniform,batched,8,LC_HI,LC_LI,240.0
0,3,5,1,uniform,batched,8,LC_HI,LC_LI,104.0
0,3,5,1,uniform,batched,8,LC_HI,LC_LI,165.0
0,3,5,1,uniform,batched,8,LC_LI,LC_LI,169.0
0,3,5,1,uniform,batched,8,LC_LI,LC_LI,113.0
0,3,5,1,uniform,batched,8,LC_LI,LC_LI,112.0
0,3,5,1,uniform,batched,8,LC_LI,LC_LI,131.0
0,3,5,1,uniform,batched,8,LC_LI,LC_LI,131.0
0,3,5,1,uniform,batched,8,LC_LI,LC_LI,137.0
0,3,5,1,uniform,batched,8,LC_LI,LC_LI,188.0
0,3,5,1,uniform,batched,8,LC_LI,LC_LI,112.0
0,3,5,1,uniform,batched,8,LC_LI,LC_LI,131.0
0,3,5,1,uniform,batched,8,LC_LI,LC_LI,194.0
0,3,5,1,uniform,batched,8,LC_LI,LC_LI,113.0
0,3,5,1,uniform,batched,8,LC_LI,LC_LI,137.0
0,3,5,1,uniform,batched,8,LC_LI,LC_LI,197.0
0,3,5,1,uniform,batched,8,LC_LI,LC_LI,145.0
0,3,5,1,uniform,batched,8,LC_LI,LC_LI,187.0
0,3,5,1,uniform,batched,8,LC_LI,LC_LI,197.0
0,3,5,1,uniform,batched,8,LC_LI,LC_LI,188.0
0,3,5,1,uniform,batched,8,LC_LI,LC_LI,149.0
0,3,5,1,uniform,batched,8,LC_LI,LC_LI,140.0
0,3,5,1,uniform,batched,8,LC_LI,LC_LI,197.0
2,3,15,1,clustered,abstraction,8,random,LC_HI,98.0
2,3,15,1,clustered,abstraction,8,random,LC_HI,84.0
2,3,15,1,clustered,abstraction,8,random,LC_HI,112.0
2,3,15,1,clustered,abstraction,8,random,LC_HI,118.0
2,3,15,1,clustered,abstraction,8,random,LC_HI,137.0
2,3,15,1,clustered,abstraction,8,random,LC_HI,108.0
2,3,15,1,clustered,abstraction,8,random,LC_HI,107.0
2,3,15,1,clustered,abstraction,8,random,LC_HI,137.0
2,3,15,1,clustered,abstraction,8,random,LC_HI,108.0
2,3,15,1,clustered,abstraction,8,random,LC_HI,117.0
2,3,15,1,clustered,abstraction,8,random,LC_HI,112.0
2,3,15,1,clustered,abstraction,8,random,LC_HI,133.0
2,3,15,1,clustered,abstraction,8,random,LC_HI,113.0
2,3,15,1,clustered,abstraction,8,random,LC_HI,103.0
2,3,15,1,clustered,abstraction,8,random,LC_HI,85.0
2,3,15,1,clustered,abstraction,8,random,LC_HI,98.0
2,3,15,1,clustered,abstraction,8,random,LC_HI,118.0
2,3,15,1,clustered,abstraction,8,random,LC_HI,102.0
2,3,15,1,clustered,abstraction,8,random,LC_HI,94.0
2,3,15,1,clustered,abstraction,8,random,LC_HI,75.0
2,3,15,1,clustered,abstraction,8,HC_HI,LC_HI,141.0
2,3,15,1,clustered,abstraction,8,HC_HI,LC_HI,94.0
2,3,15,1,clustered,abstraction,8,HC_HI,LC_HI,137.0
2,3,15,1,clustered,abstraction,8,HC_HI,LC_HI,80.0
2,3,15,1,clustered,abstraction,8,HC_HI,LC_HI,141.0
2,3,15,1,clustered,abstraction,8,HC_HI,LC_HI,98.0
2,3,15,1,clustered,abstraction,8,HC_HI,LC_HI,136.0
2,3,15,1,clustered,abstraction,8,HC_HI,LC_HI,132.0
2,3,15,1,clustered,abstraction,8,HC_HI,LC_HI,109.0
2,3,15,1,clustered,abstraction,8,HC_HI,LC_HI,98.0
2,3,15,1,clustered,abstraction,8,HC_HI,LC_HI,131.0
2,3,15,1,clustered,abstraction,8,HC_HI,LC_HI,79.0
2,3,15,1,clustered,abstraction,8,HC_HI,LC_HI,79.0
2,3,15,1,clustered,abstraction,8,HC_HI,LC_HI,98.0
2,3,15,1,clustered,abstraction,8,HC_HI,LC_HI,147.0
2,3,15,1,clustered,abstraction,8,HC_HI,LC_HI,132.0
2,3,15,1,clustered,abstraction,8,HC_HI,LC_HI,147.0
2,3,15,1,clustered,abstraction,8,HC_HI,LC_HI,108.0
2,3,15,1,clustered,abstraction,8,HC_HI,LC_HI,89.0
2,3,15,1,clustered,abstraction,8,HC_HI,LC_HI,89.0
2,3,15,1,clustered,abstraction,8,HC_LI,LC_HI,137.0
2,3,15,1,clustered,abstraction,8,HC_LI,LC_HI,103.0
2,3,15,1,clustered,abstraction,8,HC_LI,LC_HI,112.0
2,3,15,1,clustered,abstraction,8,HC_LI,LC_HI,118.0
2,3,15,1,clustered,abstraction,8,HC_LI,LC_HI,99.0
2,3,15,1,clustered,abstraction,8,HC_LI,LC_HI,128.0
2,3,15,1,clustered,abstraction,8,HC_LI,LC_HI,113.0
2,3,15,1,clustered,abstraction,8,HC_LI,LC_HI,98.0
2,3,15,1,clustered,abstraction,8,HC_LI,LC_HI,99.0
2,3,15,1,clustered,abstraction,8,HC_LI,LC_HI,137.0
2,3,15,1,clustered,abstraction,8,HC_LI,LC_HI,108.0
2,3,15,1,clustered,abstraction,8,HC_LI,LC_HI,93.0
2,3,15,1,clustered,abstraction,8,HC_LI,LC_HI,94.0
2,3,15,1,clustered,abstraction,8,HC_LI,LC_HI,113.0
2,3,15,1,clustered,abstraction,8,HC_LI,LC_HI,108.0
2,3,15,1,clustered,abstraction,8,HC_LI,LC_HI,108.0
2,3,15,1,clustered,abstraction,8,HC_LI,LC_HI,118.0
2,3,15,1,clustered,abstraction,8,HC_LI,LC_HI,108.0
2,3,15,1,clustered,abstraction,8,HC_LI,LC_HI,109.0
2,3,15,1,clustered,abstraction,8,HC_LI,LC_HI,108.0
2,3,15,1,clustered,abstraction,8,LC_HI,LC_HI,126.0
2,3,15,1,clustered,abstraction,8,LC_HI,LC_HI,111.0
2,3,15,1,clustered,abstraction,8,LC_HI,LC_HI,107.0
2,3,15,1,clustered,abstraction,8,LC_HI,LC_HI,111.0
2,3,15,1,clustered,abstraction,8,LC_HI,LC_HI,75.0
2,3,15,1,clustered,abstraction,8,LC_HI,LC_HI,75.0
2,3,15,1,clustered,abstraction,8,LC_HI,LC_HI,126.0
2,3,15,1,clustered,abstraction,8,LC_HI,LC_HI,111.0
2,3,15,1,clustered,abstraction,8,LC_HI,LC_HI,112.0
2,3,15,1,clustered,abstraction,8,LC_HI,LC_HI,112.0
2,3,15,1,clustered,abstraction,8,LC_HI,LC_HI,93.0
2,3,15,1,clustered,abstraction,8,LC_HI,LC_HI,112.0
2,3,15,1,clustered,abstraction,8,LC_HI,LC_HI,121.0
2,3,15,1,clustered,abstraction,8,LC_HI,LC_HI,126.0
2,3,15,1,clustered,abstraction,8,LC_HI,LC_HI,112.0
2,3,15,1,clustered,abstraction,8,LC_HI,LC_HI,126.0
2,3,15,1,clustered,abstraction,8,LC_HI,LC_HI,126.0
2,3,15,1,clustered,abstraction,8,LC_HI,LC_HI,107.0
2,3,15,1,clustered,abstraction,8,LC_HI,LC_HI,117.0
2,3,15,1,clustered,abstraction,8,LC_HI,LC_HI,75.0
2,3,15,1,clustered,abstraction,8,LC_LI,LC_HI,98.0
2,3,15,1,clustered,abstraction,8,LC_LI,LC_HI,98.0
2,3,15,1,clustered,abstraction,8,LC_LI,LC_HI,117.0
2,3,15,1,clustered,abstraction,8,LC_LI,LC_HI,98.0
2,3,15,1,clustered,abstraction,8,LC_LI,LC_HI,84.0
2,3,15,1,clustered,abstraction,8,LC_LI,LC_HI,98.0
2,3,15,1,clustered,abstraction,8,LC_LI,LC_HI,102.0
2,3,15,1,clustered,abstraction,8,LC_LI,LC_HI,107.0
2,3,15,1,clustered,abstraction,8,LC_LI,LC_HI,98.0
2,3,15,1,clustered,abstraction,8,LC_LI,LC_HI,93.0
2,3,15,1,clustered,abstraction,8,LC_LI,LC_HI,93.0
2,3,15,1,clustered,abstraction,8,LC_LI,LC_HI,117.0
2,3,15,1,clustered,abstraction,8,LC_LI,LC_HI,84.0
2,3,15,1,clustered,abstraction,8,LC_LI,LC_HI,98.0
2,3,15,1,clustered,abstraction,8,LC_LI,LC_HI,98.0
2,3,15,1,clustered,abstraction,8,LC_LI,LC_HI,112.0
2,3,15,1,clustered,abstraction,8,LC_LI,LC_HI,103.0
2,3,15,1,clustered,abstraction,8,LC_LI,LC_HI,98.0
2,3,15,1,clustered,abstraction,8,LC_LI,LC_HI,88.0
2,3,15,1,clustered,abstraction,8,LC_LI,LC_HI,93.0
2,3,15,1,clustered,batched,8,random,LC_LI,153.0
2,3,15,1,clustered,batched,8,random,LC_LI,102.0
2,3,15,1,clustered,batched,8,random,LC_LI,145.0
2,3,15,1,clustered,batched,8,random,LC_LI,106.0
2,3,15,1,clustered,batched,8,random,LC_LI,142.0
2,3,15,1,clustered,batched,8,random,LC_LI,150.0
2,3,15,1,clustered,batched,8,random,LC_LI,158.0
2,3,15,1,clustered,batched,8,random,LC_LI,145.0
2,3,15,1,clustered,batched,8,random,LC_LI,112.0
2,3,15,1,clustered,batched,8,random,LC_LI,102.0
2,3,15,1,clustered,batched,8,random,LC_LI,145.0
2,3,15,1,clustered,batched,8,random,LC_LI,125.0
2,3,15,1,clustered,batched,8,random,LC_LI,117.0
2,3,15,1,clustered,batched,8,random,LC_LI,162.0
2,3,15,1,clustered,batched,8,random,LC_LI,136.0
2,3,15,1,clustered,batched,8,random,LC_LI,140.0
2,3,15,1,clustered,batched,8,random,LC_LI,159.0
2,3,15,1,clustered,batched,8,random,LC_LI,197.0
2,3,15,1,clustered,batched,8,random,LC_LI,167.0
2,3,15,1,clustered,batched,8,random,LC_LI,157.0
2,3,15,1,clustered,batched,8,HC_HI,LC_LI,132.0
2,3,15,1,clustered,batched,8,HC_HI,LC_LI,132.0
2,3,15,1,clustered,batched,8,HC_HI,LC_LI,149.0
2,3,15,1,clustered,batched,8,HC_HI,LC_LI,108.0
2,3,15,1,clustered,batched,8,HC_HI,LC_LI,141.0
2,3,15,1,clustered,batched,8,HC_HI,LC_LI,103.0
2,3,15,1,clustered,batched,8,HC_HI,LC_LI,108.0
2,3,15,1,clustered,batched,8,HC_HI,LC_LI,122.0
2,3,15,1,clustered,batched,8,HC_HI,LC_LI,201.0
2,3,15,1,clustered,batched,8,HC_HI,LC_LI,113.0
2,3,15,1,clustered,batched,8,HC_HI,LC_LI,113.0
2,3,15,1,clustered,batched,8,HC_HI,LC_LI,168.0
2,3,15,1,clustered,batched,8,HC_HI,LC_LI,136.0
2,3,15,1,clustered,batched,8,HC_HI,LC_LI,149.0
2,3,15,1,clustered,batched,8,HC_HI,LC_LI,103.0
2,3,15,1,clustered,batched,8,HC_HI,LC_LI,103.0
2,3,15,1,clustered,batched,8,HC_HI,LC_LI,158.0
2,3,15,1,clustered,batched,8,HC_HI,LC_LI,122.0
2,3,15,1,clustered,batched,8,HC_HI,LC_LI,201.0
2,3,15,1,clustered,batched,8,HC_HI,LC_LI,149.0
2,3,15,1,clustered,batched,8,HC_LI,LC_LI,126.0
2,3,15,1,clustered,batched,8,HC_LI,LC_LI,173.0
2,3,15,1,clustered,batched,8,HC_LI,LC_LI,159.0
2,3,15,1,clustered,batched,8,HC_LI,LC_LI,121.0
2,3,15,1,clustered,batched,8,HC_LI,LC_LI,155.0
2,3,15,1,clustered,batched,8,HC_LI,LC_LI,140.0
2,3,15,1,clustered,batched,8,HC_LI,LC_LI,159.0
2,3,15,1,clustered,batched,8,HC_LI,LC_LI,198.0
2,3,15,1,clustered,batched,8,HC_LI,LC_LI,140.0
2,3,15,1,clustered,batched,8,HC_LI,LC_LI,140.0
2,3,15,1,clustered,batched,8,HC_LI,LC_LI,211.0
2,3,15,1,clustered,batched,8,HC_LI,LC_LI,164.0
2,3,15,1,clustered,batched,8,HC_LI,LC_LI,159.0
2,3,15,1,clustered,batched,8,HC_LI,LC_LI,145.0
2,3,15,1,clustered,batched,8,HC_LI,LC_LI,163.0
2,3,15,1,clustered,batched,8,HC_LI,LC_LI,145.0
2,3,15,1,clustered,batched,8,HC_LI,LC_LI,197.0
2,3,15,1,clustered,batched,8,HC_LI,LC_LI,159.0
2,3,15,1,clustered,batched,8,HC_LI,LC_LI,163.0
2,3,15,1,clustered,batched,8,HC_LI,LC_LI,211.0
2,3,15,1,clustered,batched,8,LC_HI,LC_LI,158.0
2,3,15,1,clustered,batched,8,LC_HI,LC_LI,93.0
2,3,15,1,clustered,batched,8,LC_HI,LC_LI,143.0
2,3,15,1,clustered,batched,8,LC_HI,LC_LI,88.0
2,3,15,1,clustered,batched,8,LC_HI,LC_LI,79.0
2,3,15,1,clustered,batched,8,LC_HI,LC_LI,157.0
2,3,15,1,clustered,batched,8,LC_HI,LC_LI,79.0
2,3,15,1,clustered,batched,8,LC_HI,LC_LI,143.0
2,3,15,1,clustered,batched,8,LC_HI,LC_LI,157.0
2,3,15,1,clustered,batched,8,LC_HI,LC_LI,152.0
2,3,15,1,clustered,batched,8,LC_HI,LC_LI,79.0
2,3,15,1,clustered,batched,8,LC_HI,LC_LI,143.0
2,3,15,1,clustered,batched,8,LC_HI,LC_LI,79.0
2,3,15,1,clustered,batched,8,LC_HI,LC_LI,158.0
2,3,15,1,clustered,batched,8,LC_HI,LC_LI,79.0
2,3,15,1,clustered,batched,8,LC_HI,LC_LI,157.0
2,3,15,1,clustered,batched,8,LC_HI,LC_LI,93.0
2,3,15,1,clustered,batched,8,LC_HI,LC_LI,79.0
2,3,15,1,clustered,batched,8,LC_HI,LC_LI,143.0
2,3,15,1,clustered,batched,8,LC_HI,LC_LI,79.0
2,3,15,1,clustered,batched,8,LC_LI,LC_LI,111.0
2,3,15,1,clustered,batched,8,LC_LI,LC_LI,125.0
2,3,15,1,clustered,batched,8,LC_LI,LC_LI,135.0
2,3,15,1,clustered,batched,8,LC_LI,LC_LI,125.0
2,3,15,1,clustered,batched,8,LC_LI,LC_LI,125.0
2,3,15,1,clustered,batched,8,LC_LI,LC_LI,102.0
2,3,15,1,clustered,batched,8,LC_LI,LC_LI,107.0
2,3,15,1,clustered,batched,8,LC_LI,LC_LI,126.0
2,3,15,1,clustered,batched,8,LC_LI,LC_LI,130.0
2,3,15,1,clustered,batched,8,LC_LI,LC_LI,102.0
2,3,15,1,clustered,batched,8,LC_LI,LC_LI,125.0
2,3,15,1,clustered,batched,8,LC_LI,LC_LI,107.0
2,3,15,1,clustered,batched,8,LC_LI,LC_LI,130.0
2,3,15,1,clustered,batched,8,LC_LI,LC_LI,102.0
2,3,15,1,clustered,batched,8,LC_LI,LC_LI,102.0
2,3,15,1,clustered,batched,8,LC_LI,LC_LI,88.0
2,3,15,1,clustered,batched,8,LC_LI,LC_LI,120.0
2,3,15,1,clustered,batched,8,LC_LI,LC_LI,120.0
2,3,15,1,clustered,batched,8,LC_LI,LC_LI,125.0
2,3,15,1,clustered,batched,8,LC_LI,LC_LI,116.0
4,3,30,1,diurnal,abstraction,8,random,HC_HI,211.01742529141939
4,3,30,1,diurnal,abstraction,8,random,HC_HI,158.25927375722927
4,3,30,1,diurnal,abstraction,8,random,HC_HI,157.62088420413326
4,3,30,1,diurnal,abstraction,8,random,HC_HI,198.18601189607864
4,3,30,1,diurnal,abstraction,8,random,HC_HI,166.27503098432067
4,3,30,1,diurnal,abstraction,8,random,HC_HI,162.385975062304
4,3,30,1,diurnal,abstraction,8,random,HC_HI,145.02034252326823
4,3,30,1,diurnal,abstraction,8,random,HC_HI,146.18601189607864
4,3,30,1,diurnal,abstraction,8,random,HC_HI,155.31146250108975
4,3,30,1,diurnal,abstraction,8,random,HC_HI,171.28223764274432
4,3,30,1,diurnal,abstraction,8,random,HC_HI,165.97632806037
4,3,30,1,diurnal,abstraction,8,random,HC_HI,147.03923077360434
4,3,30,1,diurnal,abstraction,8,random,HC_HI,170.1962863396851
4,3,30,1,diurnal,abstraction,8,random,HC_HI,182.91728755443438
4,3,30,1,diurnal,abstraction,8,random,HC_HI,156.9998340774131
4,3,30,1,diurnal,abstraction,8,random,HC_HI,180.76095991051312
4,3,30,1,diurnal,abstraction,8,random,HC_HI,156.9998340774131
4,3,30,1,diurnal,abstraction,8,random,HC_HI,132.19161420189158
4,3,30,1,diurnal,abstraction,8,random,HC_HI,171.67384958350067
4,3,30,1,diurnal,abstraction,8,random,HC_HI,157.5202687894152
4,3,30,1,diurnal,abstraction,8,HC_HI,HC_HI,186.12110393017744
4,3,30,1,diurnal,abstraction,8,HC_HI,HC_HI,190.15280057317358
4,3,30,1,diurnal,abstraction,8,HC_HI,HC_HI,175.79773665012655
4,3,30,1,diurnal,abstraction,8,HC_HI,HC_HI,145.70276660712585
4,3,30,1,diurnal,abstraction,8,HC_HI,HC_HI,162.43952506175413
4,3,30,1,diurnal,abstraction,8,HC_HI,HC_HI,130.39667779474556
4,3,30,1,diurnal,abstraction,8,HC_HI,HC_HI,173.81848624758047
4,3,30,1,diurnal,abstraction,8,HC_HI,HC_HI,173.81848624758047
4,3,30,1,diurnal,abstraction,8,HC_HI,HC_HI,128.8714192685511
4,3,30,1,diurnal,abstraction,8,HC_HI,HC_HI,160.59618640986358
4,3,30,1,diurnal,abstraction,8,HC_HI,HC_HI,187.6882555153881
4,3,30,1,diurnal,abstraction,8,HC_HI,HC_HI,180.417785542892
4,3,30,1,diurnal,abstraction,8,HC_HI,HC_HI,152.06175459562456
4,3,30,1,diurnal,abstraction,8,HC_HI,HC_HI,125.6772632062133
4,3,30,1,diurnal,abstraction,8,HC_HI,HC_HI,111.86017812218154
4,3,30,1,diurnal,abstraction,8,HC_HI,HC_HI,162.43952506175413
4,3,30,1,diurnal,abstraction,8,HC_HI,HC_HI,133.40662074787969
4,3,30,1,diurnal,abstraction,8,HC_HI,HC_HI,162.43952506175413
4,3,30,1,diurnal,abstraction,8,HC_HI,HC_HI,133.01835703298676
4,3,30,1,diurnal,abstraction,8,HC_HI,HC_HI,111.86017812218154
4,3,30,1,diurnal,abstraction,8,HC_LI,HC_HI,146.9685229911155
4,3,30,1,diurnal,abstraction,8,HC_LI,HC_HI,177.46817423720006
4,3,30,1,diurnal,abstraction,8,HC_LI,HC_HI,158.7883218000516
4,3,30,1,diurnal,abstraction,8,HC_LI,HC_HI,168.0713574736863
4,3,30,1,diurnal,abstraction,8,HC_LI,HC_HI,146.18601189607864
4,3,30,1,diurnal,abstraction,8,HC_LI,HC_HI,146.18601189607864
4,3,30,1,diurnal,abstraction,8,HC_LI,HC_HI,144.59062295488846
4,3,30,1,diurnal,abstraction,8,HC_LI,HC_HI,189.3799786593781
4,3,30,1,diurnal,abstraction,8,HC_LI,HC_HI,144.59062295488846
4,3,30,1,diurnal,abstraction,8,HC_LI,HC_HI,151.56224960441847
4,3,30,1,diurnal,abstraction,8,HC_LI,HC_HI,176.85503084752733
4,3,30,1,diurnal,abstraction,8,HC_LI,HC_HI,177.46817423720006
4,3,30,1,diurnal,abstraction,8,HC_LI,HC_HI,174.4454230837961
4,3,30,1,diurnal,abstraction,8,HC_LI,HC_HI,146.9685229911155
4,3,30,1,diurnal,abstraction,8,HC_LI,HC_HI,184.7448759540499
4,3,30,1,diurnal,abstraction,8,HC_LI,HC_HI,165.97632806037
4,3,30,1,diurnal,abstraction,8,HC_LI,HC_HI,142.0513886520023
4,3,30,1,diurnal,abstraction,8,HC_LI,HC_HI,161.19161420189158
4,3,30,1,diurnal,abstraction,8,HC_LI,HC_HI,151.57899312235892
4,3,30,1,diurnal,abstraction,8,HC_LI,HC_HI,156.89905970632563
4,3,30,1,diurnal,abstraction,8,LC_HI,HC_HI,179.32662196846582
4,3,30,1,diurnal,abstraction,8,LC_HI,HC_HI,109.18303802132809
4,3,30,1,diurnal,abstraction,8,LC_HI,HC_HI,166.12128409405094
4,3,30,1,diurnal,abstraction,8,LC_HI,HC_HI,157.8778042713336
4,3,30,1,diurnal,abstraction,8,LC_HI,HC_HI,148.48894049179398
4,3,30,1,diurnal,abstraction,8,LC_HI,HC_HI,202.42148692884567
4,3,30,1,diurnal,abstraction,8,LC_HI,HC_HI,148.48894049179398
4,3,30,1,diurnal,abstraction,8,LC_HI,HC_HI,158.2638620245495
4,3,30,1,diurnal,abstraction,8,LC_HI,HC_HI,166.12128409405094
4,3,30,1,diurnal,abstraction,8,LC_HI,HC_HI,198.18601189607864
4,3,30,1,diurnal,abstraction,8,LC_HI,HC_HI,179.32662196846582
4,3,30,1,diurnal,abstraction,8,LC_HI,HC_HI,154.04708482916783
4,3,30,1,diurnal,abstraction,8,LC_HI,HC_HI,144.22841671322914
4,3,30,1,diurnal,abstraction,8,LC_HI,HC_HI,153.75205935196107
4,3,30,1,diurnal,abstraction,8,LC_HI,HC_HI,127.33849115360768
4,3,30,1,diurnal,abstraction,8,LC_HI,HC_HI,150.36379521538794
4,3,30,1,diurnal,abstraction,8,LC_HI,HC_HI,180.33849115360766
4,3,30,1,diurnal,abstraction,8,LC_HI,HC_HI,174.3820066871089
4,3,30,1,diurnal,abstraction,8,LC_HI,HC_HI,141.01735385496892
4,3,30,1,diurnal,abstraction,8,LC_HI,HC_HI,150.36379521538794
4,3,30,1,diurnal,abstraction,8,LC_LI,HC_HI,172.58669101358345
4,3,30,1,diurnal,abstraction,8,LC_LI,HC_HI,165.84325085639347
4,3,30,1,diurnal,abstraction,8,LC_LI,HC_HI,143.4702827264793
4,3,30,1,diurnal,abstraction,8,LC_LI,HC_HI,124.05819830111872
4,3,30,1,diurnal,abstraction,8,LC_LI,HC_HI,150.85334970175498
4,3,30,1,diurnal,abstraction,8,LC_LI,HC_HI,178.36434352880906
4,3,30,1,diurnal,abstraction,8,LC_LI,HC_HI,164.4030942734602
4,3,30,1,diurnal,abstraction,8,LC_LI,HC_HI,151.0801176950091
4,3,30,1,diurnal,abstraction,8,LC_LI,HC_HI,165.4735400590543
4,3,30,1,diurnal,abstraction,8,LC_LI,HC_HI,186.12533100281155
4,3,30,1,diurnal,abstraction,8,LC_LI,HC_HI,150.85334970175498
4,3,30,1,diurnal,abstraction,8,LC_LI,HC_HI,151.0801176950091
4,3,30,1,diurnal,abstraction,8,LC_LI,HC_HI,164.4030942734602
4,3,30,1,diurnal,abstraction,8,LC_LI,HC_HI,148.93700045386322
4,3,30,1,diurnal,abstraction,8,LC_LI,HC_HI,186.12533100281155
4,3,30,1,diurnal,abstraction,8,LC_LI,HC_HI,167.4290709285361
4,3,30,1,diurnal,abstraction,8,LC_LI,HC_HI,150.85334970175498
4,3,30,1,diurnal,abstraction,8,LC_LI,HC_HI,152.0238766333755
4,3,30,1,diurnal,abstraction,8,LC_LI,HC_HI,150.85334970175498
4,3,30,1,diurnal,abstraction,8,LC_LI,HC_HI,165.4735400590543
4,3,30,1,diurnal,batched,8,random,LC_LI,200.87075907886427
4,3,30,1,diurnal,batched,8,random,LC_LI,180.88594020948435
4,3,30,1,diurnal,batched,8,random,LC_LI,194.71247637787206
4,3,30,1,diurnal,batched,8,random,LC_LI,190.06003886450878
4,3,30,1,diurnal,batched,8,random,LC_LI,199.10830868489427
4,3,30,1,diurnal,batched,8,random,LC_LI,242.62146160703682
4,3,30,1,diurnal,batched,8,random,LC_LI,184.36219523131226
4,3,30,1,diurnal,batched,8,random,LC_LI,179.8237095827138
4,3,30,1,diurnal,batched,8,random,LC_LI,191.9322249279372
4,3,30,1,diurnal,batched,8,random,LC_LI,180.03923077360434
4,3,30,1,diurnal,batched,8,random,LC_LI,184.36219523131226
4,3,30,1,diurnal,batched,8,random,LC_LI,202.86807469493877
4,3,30,1,diurnal,batched,8,random,LC_LI,196.8088837909711
4,3,30,1,diurnal,batched,8,random,LC_LI,220.53795999212758
4,3,30,1,diurnal,batched,8,random,LC_LI,171.3344750658541
4,3,30,1,diurnal,batched,8,random,LC_LI,194.13615092516756
4,3,30,1,diurnal,batched,8,random,LC_LI,187.2599934294463
4,3,30,1,diurnal,batched,8,random,LC_LI,233.61843033732941
4,3,30,1,diurnal,batched,8,random,LC_LI,226.57899312235892
4,3,30,1,diurnal,batched,8,random,LC_LI,159.84575751840185
4,3,30,1,diurnal,batched,8,HC_HI,LC_LI,269.1617206457268
4,3,30,1,diurnal,batched,8,HC_HI,LC_LI,207.55438229170676
4,3,30,1,diurnal,batched,8,HC_HI,LC_LI,207.55438229170676
4,3,30,1,diurnal,batched,8,HC_HI,LC_LI,213.15785235292975
4,3,30,1,diurnal,batched,8,HC_HI,LC_LI,207.55438229170676
4,3,30,1,diurnal,batched,8,HC_HI,LC_LI,269.1617206457268
4,3,30,1,diurnal,batched,8,HC_HI,LC_LI,214.89621471066283
4,3,30,1,diurnal,batched,8,HC_HI,LC_LI,235.32535576913855
4,3,30,1,diurnal,batched,8,HC_HI,LC_LI,186.02741264422
4,3,30,1,diurnal,batched,8,HC_HI,LC_LI,205.64466298194944
4,3,30,1,diurnal,batched,8,HC_HI,LC_LI,207.55438229170676
4,3,30,1,diurnal,batched,8,HC_HI,LC_LI,183.2011493140419
4,3,30,1,diurnal,batched,8,HC_HI,LC_LI,186.02741264422
4,3,30,1,diurnal,batched,8,HC_HI,LC_LI,255.50733253044314
4,3,30,1,diurnal,batched,8,HC_HI,LC_LI,269.1617206457268
4,3,30,1,diurnal,batched,8,HC_HI,LC_LI,132.23646461173604
4,3,30,1,diurnal,batched,8,HC_HI,LC_LI,235.32535576913855
4,3,30,1,diurnal,batched,8,HC_HI,LC_LI,214.89621471066283
4,3,30,1,diurnal,batched,8,HC_HI,LC_LI,201.3598753848246
4,3,30,1,diurnal,batched,8,HC_HI,LC_LI,199.62291808661098
4,3,30,1,diurnal,batched,8,HC_LI,LC_LI,201.57899312235892
4,3,30,1,diurnal,batched,8,HC_LI,LC_LI,213.27308428489928
4,3,30,1,diurnal,batched,8,HC_LI,LC_LI,187.11176519664448
4,3,30,1,diurnal,batched,8,HC_LI,LC_LI,231.65680399376248
4,3,30,1,diurnal,batched,8,HC_LI,LC_LI,187.11176519664448
4,3,30,1,diurnal,batched,8,HC_LI,LC_LI,182.48244299452347
4,3,30,1,diurnal,batched,8,HC_LI,LC_LI,178.05129573042876
4,3,30,1,diurnal,batched,8,HC_LI,LC_LI,205.39667779474556
4,3,30,1,diurnal,batched,8,HC_LI,LC_LI,213.27308428489928
4,3,30,1,diurnal,batched,8,HC_LI,LC_LI,205.39667779474556
4,3,30,1,diurnal,batched,8,HC_LI,LC_LI,220.3805439661278
4,3,30,1,diurnal,batched,8,HC_LI,LC_LI,214.85807010351033
4,3,30,1,diurnal,batched,8,HC_LI,LC_LI,204.09459576533453
4,3,30,1,diurnal,batched,8,HC_LI,LC_LI,187.11176519664448
4,3,30,1,diurnal,batched,8,HC_LI,LC_LI,204.09459576533453
4,3,30,1,diurnal,batched,8,HC_LI,LC_LI,220.24468337195242
4,3,30,1,diurnal,batched,8,HC_LI,LC_LI,178.05129573042876
4,3,30,1,diurnal,batched,8,HC_LI,LC_LI,220.24468337195242
4,3,30,1,diurnal,batched,8,HC_LI,LC_LI,178.05129573042876
4,3,30,1,diurnal,batched,8,HC_LI,LC_LI,213.27308428489928
4,3,30,1,diurnal,batched,8,LC_HI,LC_LI,261.62146160703685
4,3,30,1,diurnal,batched,8,LC_HI,LC_LI,222.9998340774131
4,3,30,1,diurnal,batched,8,LC_HI,LC_LI,178.26102113272378
4,3,30,1,diurnal,batched,8,LC_HI,LC_LI,261.62146160703685
4,3,30,1,diurnal,batched,8,LC_HI,LC_LI,185.71247637787206
4,3,30,1,diurnal,batched,8,LC_HI,LC_LI,176.50122716768834
4,3,30,1,diurnal,batched,8,LC_HI,LC_LI,196.47959235752097
4,3,30,1,diurnal,batched,8,LC_HI,LC_LI,223.13373147522725
4,3,30,1,diurnal,batched,8,LC_HI,LC_LI,194.9610543682676
4,3,30,1,diurnal,batched,8,LC_HI,LC_LI,223.13373147522725
4,3,30,1,diurnal,batched,8,LC_HI,LC_LI,204.4591336954549
4,3,30,1,diurnal,batched,8,LC_HI,LC_LI,275.4205062126051
4,3,30,1,diurnal,batched,8,LC_HI,LC_LI,196.3684046250319
4,3,30,1,diurnal,batched,8,LC_HI,LC_LI,136.24468337195242
4,3,30,1,diurnal,batched,8,LC_HI,LC_LI,208.5628830503598
4,3,30,1,diurnal,batched,8,LC_HI,LC_LI,172.64466298194944
4,3,30,1,diurnal,batched,8,LC_HI,LC_LI,155.19560317818653
4,3,30,1,diurnal,batched,8,LC_HI,LC_LI,194.66094413438478
4,3,30,1,diurnal,batched,8,LC_HI,LC_LI,178.72447869138153
4,3,30,1,diurnal,batched,8,LC_HI,LC_LI,185.71247637787206
4,3,30,1,diurnal,batched,8,LC_LI,LC_LI,214.0513886520023
4,3,30,1,diurnal,batched,8,LC_LI,LC_LI,236.91312350795437
4,3,30,1,diurnal,batched,8,LC_LI,LC_LI,231.9017637603485
4,3,30,1,diurnal,batched,8,LC_LI,LC_LI,162.63124604555514
4,3,30,1,diurnal,batched,8,LC_LI,LC_LI,193.68615208643897
4,3,30,1,diurnal,batched,8,LC_LI,LC_LI,214.0513886520023
4,3,30,1,diurnal,batched,8,LC_LI,LC_LI,217.32535576913855
4,3,30,1,diurnal,batched,8,LC_LI,LC_LI,159.84575751840185
4,3,30,1,diurnal,batched,8,LC_LI,LC_LI,162.63124604555514
4,3,30,1,diurnal,batched,8,LC_LI,LC_LI,231.9017637603485
4,3,30,1,diurnal,batched,8,LC_LI,LC_LI,206.5519186498583
4,3,30,1,diurnal,batched,8,LC_LI,LC_LI,236.91312350795437
4,3,30,1,diurnal,batched,8,LC_LI,LC_LI,214.8778042713336
4,3,30,1,diurnal,batched,8,LC_LI,LC_LI,226.32662196846582
4,3,30,1,diurnal,batched,8,LC_LI,LC_LI,217.32535576913855
4,3,30,1,diurnal,batched,8,LC_LI,LC_LI,162.63124604555514
4,3,30,1,diurnal,batched,8,LC_LI,LC_LI,217.32535576913855
4,3,30,1,diurnal,batched,8,LC_LI,LC_LI,219.02385101613166
4,3,30,1,diurnal,batched,8,LC_LI,LC_LI,162.63124604555514
4,3,30,1,diurnal,batched,8,LC_LI,LC_LI,205.07248896793328
